player_name,team_name,position_clean,base_salary,guaranteed_comp,player_key_merge,team_key
Adyn Torres,Atlanta United,Defensive Midfield,80622.0,80622.0,adyn torres,atlanta united
Ajani Fortune,Atlanta United,Central Midfield,109000.0,109000.0,ajani fortune,atlanta united
Aleksey Miranchuk,Atlanta United,Attacking Midfield,3600000.0,4885441.0,aleksey miranchuk,atlanta united
Ashton Gordon,Atlanta United,Right Wing,80622.0,80622.0,ashton gordon,atlanta united
Bartosz Slisz,Atlanta United,Defensive Midfield,670000.0,870000.0,bartosz slisz,atlanta united
Brad Guzan,Atlanta United,Goalkeeper,300000.0,312500.0,brad guzan,atlanta united
Brooks Lennon,Atlanta United,Right-back,740000.0,740000.0,brooks lennon,atlanta united
Cayman Togashi,Atlanta United,Center Forward,104000.0,104000.0,cayman togashi,atlanta united
Cooper Sanchez,Atlanta United,Central Midfield,80622.0,80622.0,cooper sanchez,atlanta united
Dominik Chong Qui,Atlanta United,Left-back,80622.0,80622.0,dominik chong qui,atlanta united
Edwin Mosquera,Atlanta United,Left Wing,425000.0,455833.0,edwin mosquera,atlanta united
Emmanuel Latte Lath,Atlanta United,Center Forward,3534546.0,4030546.0,emmanuel latte lath,atlanta united
Enea Mihaj,Atlanta United,Center-back,1030000.0,1372000.0,enea mihaj,atlanta united
Jamal Thiare,Atlanta United,Center Forward,700000.0,730000.0,jamal thiare,atlanta united
Jayden Hibbert,Atlanta United,Goalkeeper,80622.0,80622.0,jayden hibbert,atlanta united
Josh Cohen,Atlanta United,Goalkeeper,289992.0,328492.0,josh cohen,atlanta united
Juan Berrocal,Atlanta United,Center-back,1200000.0,1200000.0,juan berrocal,atlanta united
Leo Afonso,Atlanta United,Left Wing,80622.0,80622.0,leo afonso,atlanta united
Luke Brennan,Atlanta United,Right Midfield,104000.0,104000.0,luke brennan,atlanta united
Matthew Edwards,Atlanta United,Right-back,80622.0,80622.0,matthew edwards,atlanta united
Miguel Almiron,Atlanta United,Right Wing,6056000.0,7871000.0,miguel almiron,atlanta united
Noah Cobb,Atlanta United,Center-back,109000.0,109000.0,noah cobb,atlanta united
Nyk Sessock,Atlanta United,Right-back,104000.0,104000.0,nyk sessock,atlanta united
Pedro Amador,Atlanta United,Left-back,231996.0,267608.0,pedro amador,atlanta united
Ronald Hernandez,Atlanta United,Right-back,275000.0,290750.0,ronald hernandez,atlanta united
Saba Lobjanidze,Atlanta United,Left Wing,900000.0,998750.0,saba lobjanidze,atlanta united
Steven Alzate,Atlanta United,Central Midfield,1125200.0,1440101.0,steven alzate,atlanta united
Stian Gregersen,Atlanta United,Center-back,800000.0,920000.0,stian gregersen,atlanta united
Tristan Muyumba,Atlanta United,Defensive Midfield,550000.0,591600.0,tristan muyumba,atlanta united
Will Reilly,Atlanta United,Central Midfield,80622.0,80622.0,will reilly,atlanta united
Besard Sabovic,Austin FC,Central Midfield,550000.0,550000.0,besard sabovic,austin fc
Brad Stuver,Austin FC,Goalkeeper,484500.0,507313.0,brad stuver,austin fc
Brandon Vazquez,Austin FC,Center Forward,3200000.0,3551778.0,brandon vazquez,austin fc
CJ Fodrey,Austin FC,Left Wing,104000.0,108000.0,cj fodrey,austin fc
Damian Las,Austin FC,Goalkeeper,125000.0,125000.0,damian las,austin fc
Daniel Pereira,Austin FC,Central Midfield,475000.0,514375.0,daniel pereira,austin fc
Diego Rubio,Austin FC,Center Forward,208000.0,208000.0,diego rubio,austin fc
Guilherme da Trindade Dubas,Austin FC,Left-back,275000.0,275000.0,guilherme da trindade dubas,austin fc
Ilie Sanchez,Austin FC,Defensive Midfield,600000.0,600000.0,ilie sanchez,austin fc
Jader Obrian,Austin FC,Right Wing,450000.0,505401.0,jader obrian,austin fc
Jimmy Farkarlun,Austin FC,Right Wing,80622.0,80622.0,jimmy farkarlun,austin fc
Jon Gallagher,Austin FC,Right-back,375000.0,375000.0,jon gallagher,austin fc
Julio Cascante,Austin FC,Center-back,780000.0,853750.0,julio cascante,austin fc
Mateja Djordjevic,Austin FC,Center-back,337500.0,347500.0,mateja djordjevic,austin fc
Micah Burton,Austin FC,Attacking Midfield,104000.0,115000.0,micah burton,austin fc
Mikkel Desler,Austin FC,Right-back,550000.0,550000.0,mikkel desler,austin fc
Myrto Uzuni,Austin FC,Left Wing,1520000.0,2225000.0,myrto uzuni,austin fc
Nicolas Dubersarsky,Austin FC,Central Midfield,275000.0,297986.0,nicolas dubersarsky,austin fc
Oleksandr Svatok,Austin FC,Center-back,500000.0,505000.0,oleksandr svatok,austin fc
Osman Bukari,Austin FC,Right Wing,1500000.0,1500000.0,osman bukari,austin fc
Owen Wolff,Austin FC,Central Midfield,208000.0,221600.0,owen wolff,austin fc
Riley Thomas,Austin FC,Right-back,80622.0,80622.0,riley thomas,austin fc
Robert Taylor,Austin FC,Left Wing,575000.0,633333.0,robert taylor,austin fc
Stefan Cleveland,Austin FC,Goalkeeper,250000.0,274167.0,stefan cleveland,austin fc
Zan Kolmanic,Austin FC,Left-back,350000.0,350000.0,zan kolmanic,austin fc
Alessandro Biello,CF Montreal,Central Midfield,80622.0,80622.0,alessandro biello,cf montreal
Bode Hidalgo,CF Montreal,Right-back,275000.0,305800.0,bode hidalgo,cf montreal
Brandan Craig,CF Montreal,Center-back,80622.0,90427.0,brandan craig,cf montreal
Bryce Duke,CF Montreal,Attacking Midfield,350000.0,431875.0,bryce duke,cf montreal
Dante Sealy,CF Montreal,Left Wing,104000.0,122022.0,dante sealy,cf montreal
Dawid Bugaj,CF Montreal,Right-back,240000.0,267600.0,dawid bugaj,cf montreal
Efrain Morales,CF Montreal,Center-back,104000.0,112019.0,efrain morales,cf montreal
Emil Gazdov,CF Montreal,Goalkeeper,80622.0,88769.0,emil gazdov,cf montreal
Fabian Herbers,CF Montreal,Right Wing,400000.0,440000.0,fabian herbers,cf montreal
Fernando Alvarez,CF Montreal,Center-back,275000.0,307500.0,fernando alvarez,cf montreal
Gennadiy Synchuk,CF Montreal,Right Wing,600000.0,606000.0,gennadiy synchuk,cf montreal
Giacomo Vrioni,CF Montreal,Center Forward,2000000.0,2247500.0,giacomo vrioni,cf montreal
Ivan Jaime,CF Montreal,Attacking Midfield,1800000.0,1991200.0,ivan jaime,cf montreal
Jonathan Sirois,CF Montreal,Goalkeeper,275000.0,292625.0,jonathan sirois,cf montreal
Kwadwo Mahala Opoku,CF Montreal,Right Wing,458333.0,598560.0,kwadwo mahala opoku,cf montreal
Luca Petrasso,CF Montreal,Left-back,104000.0,119136.0,luca petrasso,cf montreal
Matias Coccaro,CF Montreal,Center Forward,800000.0,888000.0,matias coccaro,cf montreal
Matty Longstaff,CF Montreal,Central Midfield,312000.0,331869.0,matty longstaff,cf montreal
Olger Escobar,CF Montreal,Attacking Midfield,80622.0,86018.0,olger escobar,cf montreal
Owen Graham-Roache,CF Montreal,Center Forward,80622.0,86512.0,owen graham roache,cf montreal
Prince Owusu,CF Montreal,Center Forward,900000.0,1007500.0,prince owusu,cf montreal
Samuel Piette,CF Montreal,Defensive Midfield,535250.0,561016.0,samuel piette,cf montreal
Sebastian Breza,CF Montreal,Goalkeeper,104000.0,104000.0,sebastian breza,cf montreal
Sunusi Ibrahim,CF Montreal,Center Forward,350000.0,410000.0,sunusi ibrahim,cf montreal
Thomas Gillier,CF Montreal,Goalkeeper,445000.0,487000.0,thomas gillier,cf montreal
Victor Loturi,CF Montreal,Central Midfield,80622.0,92122.0,victor loturi,cf montreal
Yuri Guboglo,CF Montreal,Right-back,80622.0,86311.0,yuri guboglo,cf montreal
Adilson Malanda,Charlotte FC,Center-back,900000.0,900000.0,adilson malanda,charlotte fc
Andrew Privett,Charlotte FC,Center-back,220000.0,251400.0,andrew privett,charlotte fc
Archie Goodwin,Charlotte FC,Center Forward,300000.0,341187.0,archie goodwin,charlotte fc
Ashley Westwood,Charlotte FC,Defensive Midfield,750000.0,783333.0,ashley westwood,charlotte fc
Baye Coulibaly,Charlotte FC,Defensive Midfield,240000.0,269500.0,baye coulibaly,charlotte fc
Bill Tuiloma,Charlotte FC,Center-back,500000.0,524938.0,bill tuiloma,charlotte fc
Brandon Cambridge,Charlotte FC,Right Wing,125000.0,133026.0,brandon cambridge,charlotte fc
Brandt Bronico,Charlotte FC,Central Midfield,350000.0,389000.0,brandt bronico,charlotte fc
Brian Romero,Charlotte FC,Right Wing,125000.0,135833.0,brian romero,charlotte fc
Chituru Odunze,Charlotte FC,Goalkeeper,104000.0,117508.0,chituru odunze,charlotte fc
David Bingham,Charlotte FC,Goalkeeper,104000.0,104000.0,david bingham,charlotte fc
Djibril Diani,Charlotte FC,Defensive Midfield,300000.0,337944.0,djibril diani,charlotte fc
Drake Callender,Charlotte FC,Goalkeeper,399996.0,455913.0,drake callender,charlotte fc
Eryk Williamson,Charlotte FC,Central Midfield,775000.0,775000.0,eryk williamson,charlotte fc
Harry Toffolo,Charlotte FC,Left-back,900000.0,1020000.0,harry toffolo,charlotte fc
Idan Toklomati,Charlotte FC,Center Forward,415000.0,452700.0,idan toklomati,charlotte fc
Jack Neeley,Charlotte FC,Center-back,104000.0,106000.0,jack neeley,charlotte fc
Jahkeele Marshall-Rutty,Charlotte FC,Right Midfield,375000.0,423125.0,jahkeele marshall rutty,charlotte fc
Jahlane Forbes,Charlotte FC,Left-back,80622.0,80622.0,jahlane forbes,charlotte fc
Kerwin Vargas,Charlotte FC,Left Wing,600000.0,683750.0,kerwin vargas,charlotte fc
Liel Abada,Charlotte FC,Right Wing,2400000.0,2548500.0,liel abada,charlotte fc
Mikah Thomas,Charlotte FC,Left-back,80622.0,81025.0,mikah thomas,charlotte fc
Nathan Byrne,Charlotte FC,Right-back,475000.0,498750.0,nathan byrne,charlotte fc
Nick Holliday,Charlotte FC,Goalkeeper,80622.0,80622.0,nick holliday,charlotte fc
Nick Scardina,Charlotte FC,Right-back,104000.0,104000.0,nick scardina,charlotte fc
Nikola Petkovic,Charlotte FC,Defensive Midfield,420000.0,466250.0,nikola petkovic,charlotte fc
Nimfasha Berchimas,Charlotte FC,Left Wing,110000.0,124934.0,nimfasha berchimas,charlotte fc
Pep Biel,Charlotte FC,Attacking Midfield,1300000.0,1540563.0,pep biel,charlotte fc
Souleyman Doumbia,Charlotte FC,Left-back,500000.0,541250.0,souleyman doumbia,charlotte fc
Tim Ream,Charlotte FC,Center-back,1000000.0,1127750.0,tim ream,charlotte fc
Tyger Smalls,Charlotte FC,Left Wing,80622.0,80622.0,tyger smalls,charlotte fc
Wilfried Zaha,Charlotte FC,Left Wing,2666667.0,2751667.0,wilfried zaha,charlotte fc
Andre Franco,Chicago Fire,Attacking Midfield,650000.0,697083.0,andre franco,chicago fire
Andrew Gutman,Chicago Fire,Left-back,600000.0,600000.0,andrew gutman,chicago fire
Brian Gutierrez,Chicago Fire,Attacking Midfield,857955.0,950425.0,brian gutierrez,chicago fire
Bryan Dowd,Chicago Fire,Goalkeeper,80622.0,80622.0,bryan dowd,chicago fire
Chase Gasper,Chicago Fire,Left-back,575000.0,600000.0,chase gasper,chicago fire
Chris Brady,Chicago Fire,Goalkeeper,249996.0,348329.0,chris brady,chicago fire
Chris Mueller,Chicago Fire,Right Wing,699996.0,762316.0,chris mueller,chicago fire
Christopher Cupps,Chicago Fire,Center-back,80622.0,83408.0,christopher cupps,chicago fire
David Poreba,Chicago Fire,Attacking Midfield,80622.0,88747.0,david poreba,chicago fire
Dean Boltz,Chicago Fire,Center Forward,80622.0,82622.0,dean boltz,chicago fire
Dylan Borso,Chicago Fire,Attacking Midfield,80622.0,88622.0,dylan borso,chicago fire
Georgios Koutsias,Chicago Fire,Center Forward,470800.0,470800.0,georgios koutsias,chicago fire
Hugo Cuypers,Chicago Fire,Center Forward,3238000.0,3528044.0,hugo cuypers,chicago fire
Jack Elliott,Chicago Fire,Center-back,914773.0,1008537.0,jack elliott,chicago fire
Jeff Gal,Chicago Fire,Goalkeeper,140000.0,140000.0,jeff gal,chicago fire
Joel Waterman,Chicago Fire,Center-back,474250.0,555400.0,joel waterman,chicago fire
Jonathan Bamba,Chicago Fire,Left Wing,5000000.0,5581806.0,jonathan bamba,chicago fire
Jonathan Dean,Chicago Fire,Right-back,130000.0,138167.0,jonathan dean,chicago fire
Justin Reynolds,Chicago Fire,Right-back,104000.0,104000.0,justin reynolds,chicago fire
Kellyn Acosta,Chicago Fire,Defensive Midfield,1461796.0,1628477.0,kellyn acosta,chicago fire
Leonardo Barroso,Chicago Fire,Right-back,300000.0,345500.0,leonardo barroso,chicago fire
Maren Haile-Selassie,Chicago Fire,Right Midfield,388000.0,427500.0,maren haile selassie,chicago fire
Mauricio Pineda,Chicago Fire,Center-back,355012.0,475169.0,mauricio pineda,chicago fire
Omar Gonzalez,Chicago Fire,Center-back,104000.0,123333.0,omar gonzalez,chicago fire
Omari Glasgow,Chicago Fire,Right Midfield,104000.0,117685.0,omari glasgow,chicago fire
Philip Zinckernagel,Chicago Fire,Right Wing,1450750.0,1631290.0,philip zinckernagel,chicago fire
Robert Turdean,Chicago Fire,Attacking Midfield,80622.0,113549.0,robert turdean,chicago fire
Rominigue Kouame,Chicago Fire,Central Midfield,600000.0,693755.0,rominigue kouame,chicago fire
Sam Rogers,Chicago Fire,Center-back,120000.0,143000.0,sam rogers,chicago fire
Sam Williams,Chicago Fire,Defensive Midfield,80622.0,91951.0,sam williams,chicago fire
Sergio Oregel,Chicago Fire,Central Midfield,113400.0,113400.0,sergio oregel,chicago fire
Tom Barlow,Chicago Fire,Center Forward,300000.0,330000.0,tom barlow,chicago fire
Viktor Radojevic,Chicago Fire,Left-back,300000.0,307000.0,viktor radojevic,chicago fire
Alex Harris,Colorado Rapids,Right Wing,80622.0,82622.0,alex harris,colorado rapids
Alexis Manyoma,Colorado Rapids,Left Wing,535200.0,592950.0,alexis manyoma,colorado rapids
Ali Fadal,Colorado Rapids,Central Midfield,80622.0,80622.0,ali fadal,colorado rapids
Andreas Maxs,Colorado Rapids,Center-back,1200000.0,1392500.0,andreas maxs,colorado rapids
Bryce Jamison,Colorado Rapids,Right Wing,104000.0,116466.0,bryce jamison,colorado rapids
Calvin Harris,Colorado Rapids,Right Wing,150000.0,152000.0,calvin harris,colorado rapids
Cole Bassett,Colorado Rapids,Attacking Midfield,850000.0,850000.0,cole bassett,colorado rapids
Connor Ronan,Colorado Rapids,Central Midfield,490000.0,542400.0,connor ronan,colorado rapids
Daouda Amadou,Colorado Rapids,Defensive Midfield,80622.0,80622.0,daouda amadou,colorado rapids
Darren Yapi,Colorado Rapids,Center Forward,104000.0,114833.0,darren yapi,colorado rapids
Ian Murphy,Colorado Rapids,Center-back,400000.0,447500.0,ian murphy,colorado rapids
Jackson Travis,Colorado Rapids,Left-back,104000.0,106500.0,jackson travis,colorado rapids
Josh Atencio,Colorado Rapids,Defensive Midfield,350000.0,350000.0,josh atencio,colorado rapids
Keegan Rosenberry,Colorado Rapids,Right-back,400000.0,400000.0,keegan rosenberry,colorado rapids
Kimani Stewart-Baynes,Colorado Rapids,Left Wing,90000.0,91000.0,kimani stewart baynes,colorado rapids
Michael Edwards,Colorado Rapids,Center-back,160000.0,160000.0,michael edwards,colorado rapids
Nate Jones,Colorado Rapids,Center-back,80622.0,80622.0,nate jones,colorado rapids
Nicolas Hansen,Colorado Rapids,Goalkeeper,80622.0,80622.0,nicolas hansen,colorado rapids
Oliver Larraz,Colorado Rapids,Central Midfield,125000.0,130625.0,oliver larraz,colorado rapids
Paxten Aaronson,Colorado Rapids,Attacking Midfield,2000000.0,2228063.0,paxten aaronson,colorado rapids
Rafael Navarro Leal,Colorado Rapids,Center Forward,1392000.0,1449600.0,rafael navarro leal,colorado rapids
Rafael Santos,Colorado Rapids,Left-back,375000.0,401188.0,rafael santos,colorado rapids
Reggie Cannon,Colorado Rapids,Right-back,750000.0,841500.0,reggie cannon,colorado rapids
Rob Holding,Colorado Rapids,Center-back,1200000.0,1200000.0,rob holding,colorado rapids
Sam Bassett,Colorado Rapids,Defensive Midfield,80622.0,80622.0,sam bassett,colorado rapids
Sam Vines,Colorado Rapids,Left-back,900000.0,912500.0,sam vines,colorado rapids
Theodore Ku-DiPietro,Colorado Rapids,Attacking Midfield,400000.0,456000.0,theodore ku dipietro,colorado rapids
Wayne Frederick,Colorado Rapids,Central Midfield,104000.0,104000.0,wayne frederick,colorado rapids
Zack Steffen,Colorado Rapids,Goalkeeper,1000000.0,1000000.0,zack steffen,colorado rapids
Abraham Romero,Columbus Crew,Goalkeeper,104000.0,104000.0,abraham romero,columbus crew
Amar Sejdic,Columbus Crew,Defensive Midfield,104000.0,118550.0,amar sejdic,columbus crew
Andres Herrera,Columbus Crew,Right-back,650000.0,737158.0,andres herrera,columbus crew
Cesar Ruvalcaba,Columbus Crew,Center-back,80622.0,80622.0,cesar ruvalcaba,columbus crew
Cole Mrowka,Columbus Crew,Central Midfield,80622.0,100630.0,cole mrowka,columbus crew
Daniel Gazdag,Columbus Crew,Attacking Midfield,2000004.0,2597643.0,daniel gazdag,columbus crew
Darlington Nagbe,Columbus Crew,Central Midfield,1425000.0,1565833.0,darlington nagbe,columbus crew
Derrick Jones,Columbus Crew,Central Midfield,350000.0,387500.0,derrick jones,columbus crew
Diego Rossi,Columbus Crew,Attacking Midfield,2725000.0,3426827.0,diego rossi,columbus crew
Dylan Chambost,Columbus Crew,Attacking Midfield,450000.0,557219.0,dylan chambost,columbus crew
Evan Bush,Columbus Crew,Goalkeeper,104000.0,104000.0,evan bush,columbus crew
Hugo Picard,Columbus Crew,Left Midfield,675000.0,731244.0,hugo picard,columbus crew
Ibrahim Aliyu,Columbus Crew,Center Forward,474996.0,526375.0,ibrahim aliyu,columbus crew
Jacen Russell-Rowe,Columbus Crew,Center Forward,120000.0,130789.0,jacen russell rowe,columbus crew
Lassi Lappalainen,Columbus Crew,Left Wing,325000.0,368750.0,lassi lappalainen,columbus crew
Malte Amundsen,Columbus Crew,Center-back,624996.0,697496.0,malte amundsen,columbus crew
Mohamed Farsi,Columbus Crew,Right Midfield,425000.0,455000.0,mohamed farsi,columbus crew
Nicholas Hagen,Columbus Crew,Goalkeeper,104000.0,122600.0,nicholas hagen,columbus crew
Patrick Schulte,Columbus Crew,Goalkeeper,825000.0,957083.0,patrick schulte,columbus crew
Rudy Camacho,Columbus Crew,Center-back,525000.0,601000.0,rudy camacho,columbus crew
Sean Zawadzki,Columbus Crew,Central Midfield,400000.0,446875.0,sean zawadzki,columbus crew
Stanislav Lapkes,Columbus Crew,Goalkeeper,80622.0,99712.0,stanislav lapkes,columbus crew
Steven Moreira,Columbus Crew,Right-back,820000.0,902000.0,steven moreira,columbus crew
Taha Habroune,Columbus Crew,Central Midfield,104000.0,116000.0,taha habroune,columbus crew
Tristan Brown,Columbus Crew,Left-back,80622.0,84986.0,tristan brown,columbus crew
Wessam Abou Ali,Columbus Crew,Center Forward,1800000.0,2157375.0,wessam abou ali,columbus crew
Yevgen Cheberko,Columbus Crew,Center-back,610000.0,658250.0,yevgen cheberko,columbus crew
Aaron Herrera,DC United,Right-back,825000.0,920220.0,aaron herrera,dc united
Boris Enow,DC United,Central Midfield,500000.0,613900.0,boris enow,dc united
Brandon Servania,DC United,Central Midfield,104000.0,131056.0,brandon servania,dc united
Caden Clark,DC United,Attacking Midfield,375000.0,407000.0,caden clark,dc united
Christian Benteke,DC United,Center Forward,4500000.0,4937500.0,christian benteke,dc united
Conner Antley,DC United,Right-back,104000.0,105667.0,conner antley,dc united
David Schnegg,DC United,Left-back,600000.0,706250.0,david schnegg,dc united
Derek Dodson,DC United,Right-back,104000.0,110250.0,derek dodson,dc united
Dominique Badji,DC United,Center Forward,400000.0,435000.0,dominique badji,dc united
Gabriel Cordeiro Pirani,DC United,Attacking Midfield,725000.0,791700.0,gabriel cordeiro pirani,dc united
Garrison Tubbs,DC United,Center-back,104000.0,104000.0,garrison tubbs,dc united
Gavin Turner,DC United,Attacking Midfield,80622.0,102856.0,gavin turner,dc united
Hakim Karamoko,DC United,Right Wing,80622.0,80622.0,hakim karamoko,dc united
Hosei Kijima,DC United,Central Midfield,80622.0,80622.0,hosei kijima,dc united
Jackson Hopkins,DC United,Attacking Midfield,104000.0,104286.0,jackson hopkins,dc united
Jacob Murrell,DC United,Center Forward,80622.0,80622.0,jacob murrell,dc united
Jared Stroud,DC United,Left Wing,350000.0,392500.0,jared stroud,dc united
Joao Gabriel Martins Peglow,DC United,Left Wing,357500.0,608812.0,joao gabriel martins peglow,dc united
Joon-hong Kim,DC United,Goalkeeper,354000.0,427000.0,joon hong kim,dc united
Jordan Farr,DC United,Goalkeeper,104000.0,109000.0,jordan farr,dc united
Kristian Fletcher,DC United,Center Forward,150000.0,169509.0,kristian fletcher,dc united
Kye Rowles,DC United,Center-back,292500.0,494167.0,kye rowles,dc united
Lucas Bartlett,DC United,Center-back,450000.0,510625.0,lucas bartlett,dc united
Luis Barraza,DC United,Goalkeeper,180000.0,187688.0,luis barraza,dc united
Lukas MacNaughton,DC United,Center-back,120000.0,122100.0,lukas macnaughton,dc united
Matti Peltola,DC United,Defensive Midfield,750000.0,826000.0,matti peltola,dc united
Randall Leal,DC United,Left Wing,1150000.0,1265000.0,randall leal,dc united
Rida Zouhir,DC United,Central Midfield,80622.0,95362.0,rida zouhir,dc united
Alec Kann,FC Cincinnati,Goalkeeper,192500.0,192500.0,alec kann,fc cincinnati
Alvaro Barreal,FC Cincinnati,Left Wing,755000.0,917238.0,alvaro barreal,fc cincinnati
Alvas Powell,FC Cincinnati,Right-back,275000.0,319500.0,alvas powell,fc cincinnati
Ayoub Jabbari,FC Cincinnati,Center Forward,300000.0,354800.0,ayoub jabbari,fc cincinnati
Brad Smith,FC Cincinnati,Left-back,104000.0,114000.0,brad smith,fc cincinnati
Brenner Souza da Silva,FC Cincinnati,Center Forward,119259.0,280120.0,brenner souza da silva,fc cincinnati
Dominik Marczuk,FC Cincinnati,Right Wing,660000.0,735500.0,dominik marczuk,fc cincinnati
Ender Echenique,FC Cincinnati,Right Wing,324000.0,414180.0,ender echenique,fc cincinnati
Evan Louro,FC Cincinnati,Goalkeeper,104000.0,109000.0,evan louro,fc cincinnati
Evander da Silva Ferreira,FC Cincinnati,Attacking Midfield,3200000.0,4736411.0,evander da silva ferreira,fc cincinnati
Gerardo Valenzuela,FC Cincinnati,Attacking Midfield,104000.0,121542.0,gerardo valenzuela,fc cincinnati
Gilberto Flores,FC Cincinnati,Center-back,364992.0,411664.0,gilberto flores,fc cincinnati
Kei Kamara,FC Cincinnati,Center Forward,104000.0,119000.0,kei kamara,fc cincinnati
Kenji Mboma Dem,FC Cincinnati,Center Forward,80622.0,80622.0,kenji mboma dem,fc cincinnati
Kevin Denkey,FC Cincinnati,Center Forward,3800000.0,3810000.0,kevin denkey,fc cincinnati
Luca Orellano,FC Cincinnati,Right Wing,600000.0,943950.0,luca orellano,fc cincinnati
Lukas Engel,FC Cincinnati,Left-back,750000.0,825781.0,lukas engel,fc cincinnati
Matt Miazga,FC Cincinnati,Center-back,1575000.0,1575000.0,matt miazga,fc cincinnati
Miles Robinson,FC Cincinnati,Center-back,1503411.0,1650171.0,miles robinson,fc cincinnati
Nick Hagglund,FC Cincinnati,Center-back,250000.0,266667.0,nick hagglund,fc cincinnati
Obinna Nwobodo,FC Cincinnati,Defensive Midfield,982350.0,1241250.0,obinna nwobodo,fc cincinnati
Paul Walters,FC Cincinnati,Goalkeeper,104000.0,111967.0,paul walters,fc cincinnati
Pavel Bucha,FC Cincinnati,Central Midfield,474996.0,523778.0,pavel bucha,fc cincinnati
Roman Celentano,FC Cincinnati,Goalkeeper,425000.0,474000.0,roman celentano,fc cincinnati
Samuel Gidi,FC Cincinnati,Central Midfield,540000.0,611050.0,samuel gidi,fc cincinnati
Stefan Chirila,FC Cincinnati,Center Forward,80622.0,95402.0,stefan chirila,fc cincinnati
Stiven Jimenez,FC Cincinnati,Central Midfield,104000.0,104000.0,stiven jimenez,fc cincinnati
Tah Anunga,FC Cincinnati,Central Midfield,104000.0,116500.0,tah anunga,fc cincinnati
Teenage Hadebe,FC Cincinnati,Center-back,960000.0,1110000.0,teenage hadebe,fc cincinnati
Alejandro Urzua,FC Dallas,Central Midfield,80622.0,80622.0,alejandro urzua,fc dallas
Alvaro Augusto,FC Dallas,Center-back,80622.0,92740.0,alvaro augusto,fc dallas
Anderson Julio,FC Dallas,Right Wing,750000.0,820000.0,anderson julio,fc dallas
Anthony Ramirez,FC Dallas,Right Wing,80622.0,80622.0,anthony ramirez,fc dallas
Bernard Kamungo,FC Dallas,Right Wing,225000.0,256000.0,bernard kamungo,fc dallas
Carl Sainte,FC Dallas,Defensive Midfield,80622.0,80622.0,carl sainte,fc dallas
Christian Cappis,FC Dallas,Central Midfield,242000.0,242000.0,christian cappis,fc dallas
Daniel Baran,FC Dallas,Right Wing,80622.0,94838.0,daniel baran,fc dallas
Diego Garcia,FC Dallas,Central Midfield,80622.0,94263.0,diego garcia,fc dallas
Enes Sali,FC Dallas,Left Wing,325000.0,370000.0,enes sali,fc dallas
Enzo Newman,FC Dallas,Right-back,80622.0,80622.0,enzo newman,fc dallas
Geovane de Jesus Rocha,FC Dallas,Right-back,350000.0,397000.0,geovane de jesus rocha,fc dallas
Herbert Endeley,FC Dallas,Right-back,104000.0,104000.0,herbert endeley,fc dallas
Jacob Jackson,FC Dallas,Goalkeeper,104000.0,104000.0,jacob jackson,fc dallas
Joshua Torquato,FC Dallas,Left-back,80622.0,88622.0,joshua torquato,fc dallas
Kaick da Silva Ferreira,FC Dallas,Defensive Midfield,150000.0,201900.0,kaick da silva ferreira,fc dallas
Lalas Abubakar,FC Dallas,Center-back,410000.0,445000.0,lalas abubakar,fc dallas
Logan Farrington,FC Dallas,Center Forward,104000.0,141493.0,logan farrington,fc dallas
Louicius Deedson,FC Dallas,Right Wing,280000.0,330319.0,louicius deedson,fc dallas
Maarten Paes,FC Dallas,Goalkeeper,450000.0,522000.0,maarten paes,fc dallas
Malachi Molina,FC Dallas,Right-back,80622.0,93338.0,malachi molina,fc dallas
Michael Collodi,FC Dallas,Goalkeeper,104000.0,116425.0,michael collodi,fc dallas
Nolan Norris,FC Dallas,Left-back,125000.0,143642.0,nolan norris,fc dallas
Osaze Urhoghide,FC Dallas,Center-back,580000.0,643982.0,osaze urhoghide,fc dallas
Patrickson Delgado,FC Dallas,Defensive Midfield,234000.0,260280.0,patrickson delgado,fc dallas
Paxton Pomykal,FC Dallas,Attacking Midfield,1050000.0,1158000.0,paxton pomykal,fc dallas
Pedro Henrique Fonseca de Araujo Martins,FC Dallas,Right Wing,104000.0,104000.0,pedro henrique fonseca de araujo martins,fc dallas
Petar Musa,FC Dallas,Center Forward,2250000.0,2680000.0,petar musa,fc dallas
Ramiro Moschen Benetti,FC Dallas,Central Midfield,500000.0,500000.0,ramiro moschen benetti,fc dallas
Sam Sarver,FC Dallas,Right Wing,80622.0,80622.0,sam sarver,fc dallas
Sebastian Lletget,FC Dallas,Central Midfield,800000.0,891250.0,sebastian lletget,fc dallas
Sebastien Ibeagha,FC Dallas,Center-back,675000.0,738625.0,sebastien ibeagha,fc dallas
Shaq Moore,FC Dallas,Right-back,700000.0,770000.0,shaq moore,fc dallas
Tarik Scott,FC Dallas,Left Wing,140000.0,155942.0,tarik scott,fc dallas
Tomas Pondeca,FC Dallas,Central Midfield,80622.0,80622.0,tomas pondeca,fc dallas
Tsiki Ntsabeleng,FC Dallas,Attacking Midfield,200000.0,227000.0,tsiki ntsabeleng,fc dallas
Amine Bassi,Houston Dynamo,Attacking Midfield,700000.0,700000.0,amine bassi,houston dynamo
Andrew Tarbell,Houston Dynamo,Goalkeeper,400000.0,430000.0,andrew tarbell,houston dynamo
Antonio Carlos Cunha Capocasali Junior,Houston Dynamo,Center-back,699996.0,782672.0,antonio carlos cunha capocasali jr,houston dynamo
Blake Gillingham,Houston Dynamo,Goalkeeper,80622.0,80622.0,blake gillingham,houston dynamo
Brooklyn Raines,Houston Dynamo,Central Midfield,125000.0,143063.0,brooklyn raines,houston dynamo
Damion Lowe,Houston Dynamo,Center-back,200000.0,233333.0,damion lowe,houston dynamo
Daniel Steres,Houston Dynamo,Center-back,300000.0,323438.0,daniel steres,houston dynamo
Diadie Samassekou,Houston Dynamo,Defensive Midfield,714996.0,771871.0,diadie samassekou,houston dynamo
Duane Holmes,Houston Dynamo,Right Midfield,300000.0,378000.0,duane holmes,houston dynamo
Erik Duenas,Houston Dynamo,Central Midfield,150000.0,170625.0,erik duenas,houston dynamo
Erik Sviatchenko,Houston Dynamo,Center-back,750000.0,825000.0,erik sviatchenko,houston dynamo
Ethan Bartlow,Houston Dynamo,Center-back,275000.0,275000.0,ethan bartlow,houston dynamo
Exon Arzu,Houston Dynamo,Right Wing,104000.0,108598.0,exon arzu,houston dynamo
Ezequiel Ponce,Houston Dynamo,Center Forward,2590000.0,2852200.0,ezequiel ponce,houston dynamo
Felipe de Andrade Vieira,Houston Dynamo,Center-back,180000.0,207500.0,felipe de andrade vieira,houston dynamo
Femi Awodesu,Houston Dynamo,Center-back,80622.0,89089.0,femi awodesu,houston dynamo
Franco Escobar,Houston Dynamo,Right-back,550000.0,599167.0,franco escobar,houston dynamo
Gabriel Segal,Houston Dynamo,Center Forward,104000.0,104000.0,gabriel segal,houston dynamo
Jack McGlynn,Houston Dynamo,Central Midfield,265000.0,399320.0,jack mcglynn,houston dynamo
Jefferson Valverde,Houston Dynamo,Defensive Midfield,249996.0,291657.0,jefferson valverde,houston dynamo
Jimmy Maurer,Houston Dynamo,Goalkeeper,200000.0,200000.0,jimmy maurer,houston dynamo
Jonathan Bond,Houston Dynamo,Goalkeeper,400000.0,459704.0,jonathan bond,houston dynamo
Jose Artur de Lima Junior,Houston Dynamo,Defensive Midfield,810000.0,893375.0,jose artur de lima jr,houston dynamo
Kieran Sargeant,Houston Dynamo,Left-back,104000.0,106193.0,kieran sargeant,houston dynamo
Lawrence Ennali,Houston Dynamo,Left Wing,475000.0,549250.0,lawrence ennali,houston dynamo
Michael Halliday,Houston Dynamo,Right-back,250000.0,277500.0,michael halliday,houston dynamo
Nelson Quinones,Houston Dynamo,Left Wing,252000.0,272894.0,nelson quinones,houston dynamo
Ocimar de Almeida Junior,Houston Dynamo,Central Midfield,104000.0,123533.0,ocimar de almeida jr,houston dynamo
Pablo Ortiz,Houston Dynamo,Center-back,400000.0,443400.0,pablo ortiz,houston dynamo
Sebastian Kowalczyk,Houston Dynamo,Attacking Midfield,525000.0,594618.0,sebastian kowalczyk,houston dynamo
Sebastian Rodriguez,Houston Dynamo,Central Midfield,80622.0,89272.0,sebastian rodriguez,houston dynamo
Sergio Santos,Houston Dynamo,Center Forward,825000.0,940625.0,sergio santos,houston dynamo
Stephen Annor Gyamfi,Houston Dynamo,Center Forward,90000.0,103750.0,stephen annor gyamfi,houston dynamo
Toyosi Olusanya,Houston Dynamo,Center Forward,318000.0,363219.0,toyosi olusanya,houston dynamo
Allen Obando,Inter Miami,Center Forward,500000.0,620833.0,allen obando,inter miami
Baltasar Rodriguez,Inter Miami,Attacking Midfield,440000.0,440000.0,baltasar rodriguez,inter miami
Benja Cremaschi,Inter Miami,Central Midfield,400000.0,502500.0,benja cremaschi,inter miami
David Ruiz,Inter Miami,Defensive Midfield,104000.0,135887.0,david ruiz,inter miami
Fafa Picault,Inter Miami,Left Wing,600000.0,642000.0,fafa picault,inter miami
Gonzalo Lujan,Inter Miami,Center-back,526500.0,818250.0,gonzalo lujan,inter miami
Ian Fray,Inter Miami,Center-back,150000.0,150000.0,ian fray,inter miami
Israel Boatwright,Inter Miami,Right-back,104000.0,106000.0,israel boatwright,inter miami
Jordi Alba,Inter Miami,Left-back,6000000.0,6000000.0,jordi alba,inter miami
Lionel Messi,Inter Miami,Right Wing,12000000.0,20446667.0,lionel messi,inter miami
Luis Suarez,Inter Miami,Center Forward,1500000.0,1500000.0,luis suarez,inter miami
Marcelo Weigandt,Inter Miami,Right-back,500000.0,734708.0,marcelo weigandt,inter miami
Mateo Silvetti,Inter Miami,Right Wing,490000.0,547078.0,mateo silvetti,inter miami
Maximiliano Falcon,Inter Miami,Center-back,450000.0,524250.0,maximiliano falcon,inter miami
Noah Allen,Inter Miami,Left-back,125000.0,184653.0,noah allen,inter miami
Oscar Ustari,Inter Miami,Goalkeeper,696000.0,744000.0,oscar ustari,inter miami
Rocco Rios Novo,Inter Miami,Goalkeeper,104000.0,122866.0,rocco rios novo,inter miami
Rodrigo De Paul,Inter Miami,Central Midfield,1500000.0,3619320.0,rodrigo de paul,inter miami
Ryan Sailor,Inter Miami,Center-back,104000.0,104000.0,ryan sailor,inter miami
Santiago Morales,Inter Miami,Central Midfield,104000.0,112333.0,santiago morales,inter miami
Sergio Busquets,Inter Miami,Defensive Midfield,8499996.0,8774996.0,sergio busquets,inter miami
Tadeo Allende,Inter Miami,Right Wing,1000000.0,1000000.0,tadeo allende,inter miami
Telasco Segovia,Inter Miami,Central Midfield,300000.0,335000.0,telasco segovia,inter miami
Tomas Aviles,Inter Miami,Center-back,439992.0,467492.0,tomas aviles,inter miami
Tyler Hall,Inter Miami,Center-back,104000.0,104000.0,tyler hall,inter miami
William Yarbrough,Inter Miami,Goalkeeper,150000.0,150000.0,william yarbrough,inter miami
Yannick Bright,Inter Miami,Defensive Midfield,80622.0,83647.0,yannick bright,inter miami
Ascel Essengue,LA Galaxy,Center-back,80622.0,80622.0,ascel essengue,la galaxy
Brady Scott,LA Galaxy,Goalkeeper,104000.0,104000.0,brady scott,la galaxy
Carlos Garces,LA Galaxy,Center-back,429999.96,468000.0,carlos garces,la galaxy
Chris Rindov,LA Galaxy,Center-back,80622.0,89372.0,chris rindov,la galaxy
Christian Ramirez,LA Galaxy,Center Forward,525000.0,570833.0,christian ramirez,la galaxy
Diego Fagundez,LA Galaxy,Left Wing,1250000.0,1310000.0,diego fagundez,la galaxy
Edwin Cerrillo,LA Galaxy,Defensive Midfield,525000.0,537500.0,edwin cerrillo,la galaxy
Elijah Wynder,LA Galaxy,Central Midfield,150000.0,175333.0,elijah wynder,la galaxy
Eriq Zavaleta,LA Galaxy,Center-back,194000.0,198311.0,eriq zavaleta,la galaxy
Gabriel Fortes Chaves,LA Galaxy,Right Wing,1680000.0,2459000.0,gabriel fortes chaves,la galaxy
Gino Vivi,LA Galaxy,Left Wing,104000.0,104000.0,gino vivi,la galaxy
Harbor Miller,LA Galaxy,Right-back,80622.0,80622.0,harbor miller,la galaxy
Isaiah Parente,LA Galaxy,Central Midfield,104000.0,104000.0,isaiah parente,la galaxy
JT Marcinkowski,LA Galaxy,Goalkeeper,250000.0,250000.0,jt marcinkowski,la galaxy
John Nelson,LA Galaxy,Left-back,275000.0,291667.0,john nelson,la galaxy
Joseph Paintsil,LA Galaxy,Right Wing,3136000.0,4182000.0,joseph paintsil,la galaxy
Julian Aude,LA Galaxy,Left-back,350000.0,360000.0,julian aude,la galaxy
Lucas Sanabria,LA Galaxy,Defensive Midfield,592000.0,694800.0,lucas sanabria,la galaxy
Marco Reus,LA Galaxy,Attacking Midfield,880000.0,1136667.0,marco reus,la galaxy
Matheus Nascimento de Paula,LA Galaxy,Center Forward,500000.0,571250.0,matheus nascimento de paula,la galaxy
Mauricio Cuevas,LA Galaxy,Right-back,150000.0,168500.0,mauricio cuevas,la galaxy
Maya Yoshida,LA Galaxy,Center-back,455000.0,526281.0,maya yoshida,la galaxy
Miguel Berry,LA Galaxy,Center Forward,225000.0,231667.0,miguel berry,la galaxy
Miki Yamane,LA Galaxy,Right-back,778000.0,844667.0,miki yamane,la galaxy
Novak Micovic,LA Galaxy,Goalkeeper,175000.0,175000.0,novak micovic,la galaxy
Ricard Puig Marti,LA Galaxy,Central Midfield,5125000.0,5779688.0,ricard puig marti,la galaxy
Ruben Ramos,LA Galaxy,Attacking Midfield,80622.0,80622.0,ruben ramos,la galaxy
Tucker Lepley,LA Galaxy,Defensive Midfield,80622.0,82308.0,tucker lepley,la galaxy
Aaron Long,LAFC,Center-back,445000.0,1050000.0,aaron long,lafc
Adam Saldana,LAFC,Defensive Midfield,80622.0,80622.0,adam saldana,lafc
Adrian Wibowo,LAFC,Right Wing,80622.0,80622.0,adrian wibowo,lafc
Alexandru Baluta,LAFC,Right Wing,720000.0,768900.0,alexandru baluta,lafc
Andrew Moran,LAFC,Attacking Midfield,666667.0,691111.0,andrew moran,lafc
Artem Smolyakov,LAFC,Left-back,550000.0,613297.0,artem smolyakov,lafc
David Martinez,LAFC,Right Wing,525000.0,525000.0,david martinez,lafc
David Ochoa,LAFC,Goalkeeper,104000.0,112333.0,david ochoa,lafc
Denis Bouanga,LAFC,Left Wing,3020000.0,3709500.0,denis bouanga,lafc
Eddie Segura,LAFC,Center-back,577500.0,577500.0,eddie segura,lafc
Frankie Amaya,LAFC,Central Midfield,574000.0,574000.0,frankie amaya,lafc
Heung-min Son,LAFC,Left Wing,10368750.0,11152852.0,heung min son,lafc
Hugo Lloris,LAFC,Goalkeeper,700000.0,700000.0,hugo lloris,lafc
Igor Jesus Lima,LAFC,Defensive Midfield,550000.0,616684.0,igor jesus lima,lafc
Jailson Marques Siqueira,LAFC,Defensive Midfield,1200000.0,1317444.0,jailson marques siqueira,lafc
Jeremy Ebobisse,LAFC,Center Forward,680000.0,680000.0,jeremy ebobisse,lafc
Jude Terry,LAFC,Central Midfield,80622.0,117020.0,jude terry,lafc
Kenny Nielsen,LAFC,Center-back,80622.0,80622.0,kenny nielsen,lafc
Lorenzo Dellavalle,LAFC,Center-back,104000.0,107750.0,lorenzo dellavalle,lafc
Mathieu Choiniere,LAFC,Central Midfield,698780.0,698780.0,mathieu choiniere,lafc
Nathan Ordaz,LAFC,Center Forward,146500.0,149000.0,nathan ordaz,lafc
Nkosi Tafari Burgess,LAFC,Center-back,374500.0,374500.0,nkosi tafari burgess,lafc
Odin Holm,LAFC,Central Midfield,660000.0,660000.0,odin holm,lafc
Ryan Hollingshead,LAFC,Left-back,642500.0,642500.0,ryan hollingshead,lafc
Ryan Porteous,LAFC,Center-back,720000.0,755260.0,ryan porteous,lafc
Ryan Raposo,LAFC,Left Midfield,180000.0,180000.0,ryan raposo,lafc
Sergi Palencia,LAFC,Right-back,549996.0,569996.0,sergi palencia,lafc
Thomas Hasal,LAFC,Goalkeeper,104000.0,114133.0,thomas hasal,lafc
Timothy Tillman,LAFC,Central Midfield,790000.0,846400.0,timothy tillman,lafc
Yaw Yeboah,LAFC,Right Wing,550000.0,550000.0,yaw yeboah,lafc
Alec Smir,Minnesota United,Goalkeeper,104000.0,104000.0,alec smir,minnesota united
Alejandro Bran,Minnesota United,Central Midfield,104000.0,104000.0,alejandro bran,minnesota united
Alexis Farina,Minnesota United,Attacking Midfield,104000.0,172500.0,alexis farina,minnesota united
Anthony Markanich Jr.,Minnesota United,Left-back,104000.0,104000.0,anthony markanich jr,minnesota united
Bongokuhle Hlongwane,Minnesota United,Right Wing,1000000.0,1142500.0,bongokuhle hlongwane,minnesota united
Carlos Harvey,Minnesota United,Defensive Midfield,104000.0,113627.0,carlos harvey,minnesota united
D.J. Taylor,Minnesota United,Right-back,183500.0,213617.0,d j taylor,minnesota united
Darius Randell,Minnesota United,Right Wing,80622.0,91016.0,darius randell,minnesota united
Dayne St. Clair,Minnesota United,Goalkeeper,610000.0,631875.0,dayne st clair,minnesota united
Dominik Fitz,Minnesota United,Attacking Midfield,850000.0,853000.0,dominik fitz,minnesota united
Hassani Dotson,Minnesota United,Central Midfield,625000.0,682500.0,hassani dotson,minnesota united
Ho-yeon Jung,Minnesota United,Central Midfield,131000.0,168039.0,ho yeon jung,minnesota united
Jefferson Diaz,Minnesota United,Center-back,380000.0,380000.0,jefferson diaz,minnesota united
Jordan Adebayo-Smith,Minnesota United,Center Forward,104000.0,121220.0,jordan adebayo smith,minnesota united
Joseph Rosales,Minnesota United,Left-back,535000.0,579702.0,joseph rosales,minnesota united
Julian Gressel,Minnesota United,Right Midfield,1146672.0,1146672.0,julian gressel,minnesota united
Kelvin Yeboah,Minnesota United,Center Forward,1275000.0,1477200.0,kelvin yeboah,minnesota united
Kenyel Michel,Minnesota United,Left Wing,104000.0,104000.0,kenyel michel,minnesota united
Kieran Chandler,Minnesota United,Left-back,80622.0,80622.0,kieran chandler,minnesota united
Kipp Keller,Minnesota United,Center-back,104000.0,104000.0,kipp keller,minnesota united
Loic Mesanvi,Minnesota United,Left Wing,80622.0,83613.0,loic mesanvi,minnesota united
Mamadou Dieng,Minnesota United,Center Forward,80622.0,83769.0,mamadou dieng,minnesota united
Matus Kmet,Minnesota United,Right-back,195000.0,212469.0,matus kmet,minnesota united
Michael Boxall,Minnesota United,Center-back,700000.0,827500.0,michael boxall,minnesota united
Morris Duggan,Minnesota United,Center-back,80622.0,80622.0,morris duggan,minnesota united
Nectarios Triantis,Minnesota United,Central Midfield,660000.0,722665.0,nectarios triantis,minnesota united
Nicolas Romero,Minnesota United,Center-back,420000.0,457500.0,nicolas romero,minnesota united
Owen Gene,Minnesota United,Central Midfield,400000.0,430100.0,owen gene,minnesota united
Robin Lod,Minnesota United,Central Midfield,1550000.0,1689375.0,robin lod,minnesota united
Samuel Shashoua,Minnesota United,Left Wing,104000.0,104833.0,samuel shashoua,minnesota united
Wessel Speel,Minnesota United,Goalkeeper,80622.0,80622.0,wessel speel,minnesota united
Wil Trapp,Minnesota United,Defensive Midfield,500000.0,552500.0,wil trapp,minnesota united
Adem Sipic,Nashville SC,Center Forward,80622.0,109448.0,adem sipic,nashville sc
Ahmed Qasem,Nashville SC,Right Wing,650000.0,650000.0,ahmed qasem,nashville sc
Alex Muyl,Nashville SC,Right Wing,535000.0,535000.0,alex muyl,nashville sc
Andy Najar,Nashville SC,Right-back,250000.0,280000.0,andy najar,nashville sc
Brian Schwake,Nashville SC,Goalkeeper,104000.0,120800.0,brian schwake,nashville sc
Bryan Acosta,Nashville SC,Central Midfield,175000.0,196250.0,bryan acosta,nashville sc
Christopher Applewhite,Nashville SC,Center-back,80622.0,90067.0,christopher applewhite,nashville sc
Daniel Lovitz,Nashville SC,Left-back,525000.0,542500.0,daniel lovitz,nashville sc
Edvard Tagseth,Nashville SC,Central Midfield,450000.0,487667.0,edvard tagseth,nashville sc
Gaston Brugman,Nashville SC,Defensive Midfield,1200000.0,1409000.0,gaston brugman,nashville sc
Hany Mukhtar,Nashville SC,Attacking Midfield,3900000.0,5311667.0,hany mukhtar,nashville sc
Isaiah Jones,Nashville SC,Central Midfield,80622.0,84622.0,isaiah jones,nashville sc
Jack Maher,Nashville SC,Center-back,800000.0,895467.0,jack maher,nashville sc
Jacob Shaffelburg,Nashville SC,Left Wing,425000.0,470000.0,jacob shaffelburg,nashville sc
Jeison Palacios,Nashville SC,Center-back,350000.0,526667.0,jeison palacios,nashville sc
Joe Willis,Nashville SC,Goalkeeper,600000.0,658333.0,joe willis,nashville sc
Jonathan Perez,Nashville SC,Left Wing,400000.0,470956.0,jonathan perez,nashville sc
Jordan Knight,Nashville SC,Left-back,80622.0,86455.0,jordan knight,nashville sc
Josh Bauer,Nashville SC,Center-back,180000.0,203667.0,josh bauer,nashville sc
Julian Gaines,Nashville SC,Right-back,80622.0,80622.0,julian gaines,nashville sc
Matthew Corcoran,Nashville SC,Defensive Midfield,80622.0,102890.0,matthew corcoran,nashville sc
Maximus Ekk,Nashville SC,Center Forward,80622.0,80622.0,maximus ekk,nashville sc
Patrick Yazbek,Nashville SC,Central Midfield,415000.0,531013.0,patrick yazbek,nashville sc
Tate Schmitt,Nashville SC,Left-back,104000.0,104000.0,tate schmitt,nashville sc
Taylor Washington,Nashville SC,Left-back,104000.0,104000.0,taylor washington,nashville sc
Teal Bunbury,Nashville SC,Center Forward,250000.0,285000.0,teal bunbury,nashville sc
Tyler Boyd,Nashville SC,Left Wing,1100000.0,1105000.0,tyler boyd,nashville sc
Walker Zimmerman,Nashville SC,Center-back,3200000.0,3456979.0,walker zimmerman,nashville sc
Woobens Pacius,Nashville SC,Center Forward,80622.0,80622.0,woobens pacius,nashville sc
Wyatt Meyer,Nashville SC,Center-back,80622.0,80622.0,wyatt meyer,nashville sc
Xavier Valdez,Nashville SC,Goalkeeper,80622.0,90622.0,xavier valdez,nashville sc
Alex Bono,New England Revolutio,Goalkeeper,250000.0,262500.0,alex bono,new england revolutio
Alhassan Yusuf,New England Revolutio,Central Midfield,850000.0,945311.0,alhassan yusuf,new england revolutio
Allan Oyirwoth,New England Revolutio,Attacking Midfield,104000.0,120000.0,allan oyirwoth,new england revolutio
Andrew Farrell,New England Revolutio,Center-back,175000.0,175000.0,andrew farrell,new england revolutio
Brandon Bye,New England Revolutio,Right-back,425000.0,443813.0,brandon bye,new england revolutio
Brayan Ceballos,New England Revolutio,Center-back,725000.0,805625.0,brayan ceballos,new england revolutio
Carles Gil,New England Revolutio,Attacking Midfield,4250000.0,4702083.0,carles gil,new england revolutio
Damario McIntosh,New England Revolutio,Right-back,80622.0,89571.0,damario mcintosh,new england revolutio
Donovan Parisian,New England Revolutio,Goalkeeper,80622.0,80622.0,donovan parisian,new england revolutio
Dor Turgeman,New England Revolutio,Center Forward,740000.0,740000.0,dor turgeman,new england revolutio
Eric Klein,New England Revolutio,Center-back,80622.0,86899.0,eric klein,new england revolutio
Ignatius Ganago,New England Revolutio,Center Forward,1300000.0,1300000.0,ignatius ganago,new england revolutio
Ilay Feingold,New England Revolutio,Right-back,575000.0,575000.0,ilay feingold,new england revolutio
Jack Panayotou,New England Revolutio,Central Midfield,117500.0,119500.0,jack panayotou,new england revolutio
Jackson Yueill,New England Revolutio,Central Midfield,1086750.0,1086750.0,jackson yueill,new england revolutio
Leonardo Campana,New England Revolutio,Center Forward,1250000.0,1372333.0,leonardo campana,new england revolutio
Luca Langoni,New England Revolutio,Right Wing,660000.0,732283.0,luca langoni,new england revolutio
Malcolm Fry,New England Revolutio,Right Wing,90000.0,95560.0,malcolm fry,new england revolutio
Mamadou Fofana,New England Revolutio,Center-back,500000.0,616250.0,mamadou fofana,new england revolutio
Matt Polster,New England Revolutio,Defensive Midfield,625000.0,683333.0,matt polster,new england revolutio
Matt Turner,New England Revolutio,Goalkeeper,1776136.0,1942886.0,matt turner,new england revolutio
Peyton Miller,New England Revolutio,Left-back,104000.0,106000.0,peyton miller,new england revolutio
Santiago Suarez,New England Revolutio,Center-back,104000.0,117222.0,santiago suarez,new england revolutio
Tanner Beason,New England Revolutio,Center-back,325000.0,325000.0,tanner beason,new england revolutio
Tomas Chancalay,New England Revolutio,Left Wing,1000000.0,1060000.0,tomas chancalay,new england revolutio
Will Sands,New England Revolutio,Left-back,275000.0,283333.0,will sands,new england revolutio
Wyatt Omsberg,New England Revolutio,Center-back,125000.0,137500.0,wyatt omsberg,new england revolutio
Agustin Ojeda,New York City FC,Left Wing,510000.0,577833.0,agustin ojeda,new york city fc
Aiden O'Neill,New York City FC,Defensive Midfield,540000.0,570938.0,aiden o neill,new york city fc
Alex Rando,New York City FC,Goalkeeper,80622.0,80622.0,alex rando,new york city fc
Alonso Martinez,New York City FC,Center Forward,700000.0,800333.0,alonso martinez,new york city fc
Andres Perea,New York City FC,Defensive Midfield,660000.0,726500.0,andres perea,new york city fc
Drew Baiera,New York City FC,Right-back,104000.0,109936.0,drew baiera,new york city fc
Greg Ranjitsingh,New York City FC,Goalkeeper,104000.0,104000.0,greg ranjitsingh,new york city fc
Hannes Wolf,New York City FC,Right Wing,1400000.0,1510000.0,hannes wolf,new york city fc
Jacob Arroyave,New York City FC,Central Midfield,80622.0,93620.0,jacob arroyave,new york city fc
James Sands,New York City FC,Defensive Midfield,1250000.0,1318750.0,james sands,new york city fc
Jovan Mijatovic,New York City FC,Center Forward,650000.0,687500.0,jovan mijatovic,new york city fc
Julian Fernandez,New York City FC,Right Wing,660000.0,724300.0,julian fernandez,new york city fc
Justin Haak,New York City FC,Central Midfield,225003.96,265833.0,justin haak,new york city fc
Keaton Parks,New York City FC,Defensive Midfield,400000.0,530000.0,keaton parks,new york city fc
Kevin O'Toole,New York City FC,Left-back,225000.0,246667.0,kevin o toole,new york city fc
Malachi Jones,New York City FC,Left Wing,80622.0,80622.0,malachi jones,new york city fc
Matt Freese,New York City FC,Goalkeeper,400000.0,491667.0,matt freese,new york city fc
Max Murray,New York City FC,Center-back,80622.0,82470.0,max murray,new york city fc
Maxi Moralez,New York City FC,Attacking Midfield,480000.0,500000.0,maxi moralez,new york city fc
Maximo Carrizo,New York City FC,Central Midfield,104000.0,137523.0,maximo carrizo,new york city fc
Mitja Ilenic,New York City FC,Right-back,300000.0,391700.0,mitja ilenic,new york city fc
Nico Cavallo,New York City FC,Left-back,80622.0,82470.0,nico cavallo,new york city fc
Nicolas Fernandez Mercau,New York City FC,Attacking Midfield,3650000.0,3650000.0,nicolas fernandez mercau,new york city fc
Prince Amponsah,New York City FC,Center-back,80622.0,80622.0,prince amponsah,new york city fc
Raul Gustavo Pereira Bicalho,New York City FC,Center-back,720000.0,812960.0,raul gustavo pereira bicalho,new york city fc
Seymour Reid,New York City FC,Center Forward,80622.0,95437.0,seymour reid,new york city fc
Strahinja Tanasijevic,New York City FC,Center-back,270000.0,338750.0,strahinja tanasijevic,new york city fc
Talles Magno Bacelar Martins,New York City FC,Left Wing,950000.0,1065000.0,talles magno bacelar martins,new york city fc
Tayvon Gray,New York City FC,Right-back,103992.0,215492.0,tayvon gray,new york city fc
Thiago Martins,New York City FC,Center-back,1700000.0,2162000.0,thiago martins,new york city fc
Tomas Romero,New York City FC,Goalkeeper,104000.0,104000.0,tomas romero,new york city fc
Zidane Yanez,New York City FC,Center Forward,80622.0,84789.0,zidane yanez,new york city fc
AJ Marcucci,New York Red Bulls,Goalkeeper,135000.0,152425.0,aj marcucci,new york red bulls
Adri Mehmeti,New York Red Bulls,Central Midfield,80622.0,126202.0,adri mehmeti,new york red bulls
Aidan Stokes,New York Red Bulls,Goalkeeper,80622.0,97390.0,aidan stokes,new york red bulls
Aiden Jarvis,New York Red Bulls,Defensive Midfield,80622.0,97707.0,aiden jarvis,new york red bulls
Alexander Hack,New York Red Bulls,Center-back,930000.0,1031400.0,alexander hack,new york red bulls
Andy Rojas,New York Red Bulls,Left Wing,129996.0,147327.0,andy rojas,new york red bulls
Cameron Harper,New York Red Bulls,Right Wing,360000.0,401750.0,cameron harper,new york red bulls
Carlos Coronel,New York Red Bulls,Goalkeeper,550000.0,599649.0,carlos coronel,new york red bulls
Curtis Ofori,New York Red Bulls,Left-back,125000.0,133750.0,curtis ofori,new york red bulls
Dennis Gjengaar,New York Red Bulls,Right Wing,360000.0,418769.0,dennis gjengaar,new york red bulls
Dylan Nealis,New York Red Bulls,Right-back,385000.0,385000.0,dylan nealis,new york red bulls
Emil Forsberg,New York Red Bulls,Left Wing,5405000.0,6035625.0,emil forsberg,new york red bulls
Eric-Maxim Choupo-Moting,New York Red Bulls,Center Forward,3200000.0,3530667.0,eric maxim choupo moting,new york red bulls
Gustav Berggren,New York Red Bulls,Defensive Midfield,999996.0,1109996.0,gustav berggren,new york red bulls
John McCarthy,New York Red Bulls,Goalkeeper,452000.0,474600.0,john mccarthy,new york red bulls
Juan Mina,New York Red Bulls,Right-back,162000.0,177432.0,juan mina,new york red bulls
Julian Hall,New York Red Bulls,Center Forward,125000.0,207241.0,julian hall,new york red bulls
Kyle Duncan,New York Red Bulls,Right-back,500000.0,555750.0,kyle duncan,new york red bulls
Lewis Morgan,New York Red Bulls,Left Wing,1250000.0,1479358.0,lewis morgan,new york red bulls
Marcelo Morales,New York Red Bulls,Left-back,300000.0,447375.0,marcelo morales,new york red bulls
Mohammed Sofo,New York Red Bulls,Left Wing,130000.0,188000.0,mohammed sofo,new york red bulls
Noah Eile,New York Red Bulls,Center-back,440000.0,493200.0,noah eile,new york red bulls
Omar Valencia,New York Red Bulls,Left-back,80622.0,92997.0,omar valencia,new york red bulls
Peter Stroud,New York Red Bulls,Central Midfield,125000.0,145003.0,peter stroud,new york red bulls
Rafael Mosquera,New York Red Bulls,Left Wing,80622.0,92522.0,rafael mosquera,new york red bulls
Raheem Edwards,New York Red Bulls,Left-back,375000.0,414340.0,raheem edwards,new york red bulls
Roald Mitchell,New York Red Bulls,Center Forward,104000.0,124408.0,roald mitchell,new york red bulls
Ronald Donkor,New York Red Bulls,Central Midfield,140000.0,165400.0,ronald donkor,new york red bulls
Sean Nealis,New York Red Bulls,Center-back,550000.0,626250.0,sean nealis,new york red bulls
Serge Ngoma Jr.,New York Red Bulls,Right Wing,165000.0,193700.0,serge ngoma jr,new york red bulls
Tanner Rosborough,New York Red Bulls,Center Forward,80622.0,97640.0,tanner rosborough,new york red bulls
Tim Parker,New York Red Bulls,Center-back,300000.0,347500.0,tim parker,new york red bulls
Wikelman Carmona,New York Red Bulls,Attacking Midfield,495000.0,500000.0,wikelman carmona,new york red bulls
Wiktor Bogacz,New York Red Bulls,Center Forward,390000.0,516240.0,wiktor bogacz,new york red bulls
Adrian Marin,Orlando City SC,Left-back,325000.0,377972.0,adrian marin,orlando city sc
Alex Freeman,Orlando City SC,Right-back,104000.0,108000.0,alex freeman,orlando city sc
Carlos Mercado,Orlando City SC,Goalkeeper,104000.0,104000.0,carlos mercado,orlando city sc
Colin Guske,Orlando City SC,Defensive Midfield,80622.0,91427.0,colin guske,orlando city sc
Dagur Dan Thorhallsson,Orlando City SC,Right-back,364996.0,411121.0,dagur dan thorhallsson,orlando city sc
David Brekalo,Orlando City SC,Center-back,600000.0,683000.0,david brekalo,orlando city sc
Duncan McGuire,Orlando City SC,Center Forward,540000.0,861000.0,duncan mcguire,orlando city sc
Eduard Atuesta,Orlando City SC,Central Midfield,600000.0,725000.0,eduard atuesta,orlando city sc
Favian Loyola,Orlando City SC,Center Forward,104000.0,106135.0,favian loyola,orlando city sc
Gustavo Caraballo,Orlando City SC,Right Wing,80622.0,86997.0,gustavo caraballo,orlando city sc
Ivan Angulo,Orlando City SC,Left Wing,525000.0,557660.0,ivan angulo,orlando city sc
Javier Otero,Orlando City SC,Goalkeeper,120000.0,123750.0,javier otero,orlando city sc
Joran Gerbet,Orlando City SC,Defensive Midfield,80622.0,80622.0,joran gerbet,orlando city sc
Kyle Smith,Orlando City SC,Right-back,270000.0,318000.0,kyle smith,orlando city sc
Luis Muriel,Orlando City SC,Center Forward,2500000.0,4003333.0,luis muriel,orlando city sc
Marco Pasalic,Orlando City SC,Right Wing,1600000.0,1650667.0,marco pasalic,orlando city sc
Martin Ojeda,Orlando City SC,Attacking Midfield,960000.0,1032600.0,martin ojeda,orlando city sc
Nicolas Rodriguez,Orlando City SC,Right Wing,180000.0,200500.0,nicolas rodriguez,orlando city sc
Pedro Gallese,Orlando City SC,Goalkeeper,960000.0,1249333.0,pedro gallese,orlando city sc
Robin Jansson,Orlando City SC,Center-back,900000.0,996667.0,robin jansson,orlando city sc
Rodrigo Schlegel,Orlando City SC,Center-back,500000.0,609667.0,rodrigo schlegel,orlando city sc
Shak Mohammed,Orlando City SC,Right Wing,120000.0,126000.0,shak mohammed,orlando city sc
Tahir Reid-Brown,Orlando City SC,Left-back,104000.0,118508.0,tahir reid brown,orlando city sc
Thomas Williams,Orlando City SC,Center-back,150000.0,163875.0,thomas williams,orlando city sc
Tyrese Spicer,Orlando City SC,Left Wing,80622.0,83122.0,tyrese spicer,orlando city sc
Wilder Cartagena,Orlando City SC,Defensive Midfield,480000.0,520250.0,wilder cartagena,orlando city sc
Yutaro Tsukada,Orlando City SC,Left Wing,80622.0,80622.0,yutaro tsukada,orlando city sc
Zakaria Taifi,Orlando City SC,Defensive Midfield,80622.0,92520.0,zakaria taifi,orlando city sc
Alejandro Bedoya,Philadelphia Union,Central Midfield,104000.0,204500.0,alejandro bedoya,philadelphia union
Andre Blake,Philadelphia Union,Goalkeeper,1000000.0,1181250.0,andre blake,philadelphia union
Andrew Rick,Philadelphia Union,Goalkeeper,80622.0,90537.0,andrew rick,philadelphia union
Ben Bender,Philadelphia Union,Central Midfield,140000.0,150000.0,ben bender,philadelphia union
Bruno Damiani,Philadelphia Union,Center Forward,600000.0,726700.0,bruno damiani,philadelphia union
CJ Olney Jr.,Philadelphia Union,Left Midfield,80622.0,94287.0,cj olney jr,philadelphia union
Cavan Sullivan,Philadelphia Union,Attacking Midfield,200000.0,364000.0,cavan sullivan,philadelphia union
Chris Donovan,Philadelphia Union,Center Forward,180000.0,200156.0,chris donovan,philadelphia union
Eddy Davis III,Philadelphia Union,Center Forward,80622.0,82622.0,eddy davis iii,philadelphia union
Frankie Westfield,Philadelphia Union,Right-back,80622.0,92127.0,frankie westfield,philadelphia union
George Marks,Philadelphia Union,Goalkeeper,104000.0,104000.0,george marks,philadelphia union
Indiana Vassilev,Philadelphia Union,Right Wing,350000.0,381750.0,indiana vassilev,philadelphia union
Isaiah LeFlore,Philadelphia Union,Left-back,104000.0,113363.0,isaiah leflore,philadelphia union
Jakob Glesnes,Philadelphia Union,Center-back,1100000.0,1310000.0,jakob glesnes,philadelphia union
Jeremy Rafanello,Philadelphia Union,Attacking Midfield,140000.0,161125.0,jeremy rafanello,philadelphia union
Jesus Bueno,Philadelphia Union,Defensive Midfield,300000.0,332625.0,jesus bueno,philadelphia union
Jovan Lukic,Philadelphia Union,Central Midfield,285000.0,329875.0,jovan lukic,philadelphia union
Kai Wagner,Philadelphia Union,Left-back,930000.0,1088250.0,kai wagner,philadelphia union
Markus Anderson,Philadelphia Union,Center Forward,120000.0,122000.0,markus anderson,philadelphia union
Mikael Uhre,Philadelphia Union,Center Forward,2000000.0,2240000.0,mikael uhre,philadelphia union
Milan Iloski,Philadelphia Union,Center Forward,500000.0,552569.0,milan iloski,philadelphia union
Nathan Harriel,Philadelphia Union,Right-back,290000.0,312800.0,nathan harriel,philadelphia union
Neil Pierre,Philadelphia Union,Center-back,80622.0,97020.0,neil pierre,philadelphia union
Nick Pariano,Philadelphia Union,Defensive Midfield,80622.0,85815.0,nick pariano,philadelphia union
Oliver Semmle,Philadelphia Union,Goalkeeper,150000.0,166324.0,oliver semmle,philadelphia union
Olivier Mbaizo,Philadelphia Union,Right-back,430000.0,472875.0,olivier mbaizo,philadelphia union
Olwethu Makhanya,Philadelphia Union,Center-back,250000.0,288875.0,olwethu makhanya,philadelphia union
Quinn Sullivan,Philadelphia Union,Central Midfield,450000.0,518000.0,quinn sullivan,philadelphia union
Sal Olivas,Philadelphia Union,Center Forward,80622.0,104702.0,sal olivas,philadelphia union
Tai Baribo,Philadelphia Union,Center Forward,700000.0,810000.0,tai baribo,philadelphia union
Antony Alves Santos,Portland Timbers,Left Wing,490000.0,555342.0,antony alves santos,portland timbers
Ariel Lassiter,Portland Timbers,Left Wing,315000.0,348000.0,ariel lassiter,portland timbers
Cristhian Paredes,Portland Timbers,Central Midfield,610000.0,714000.0,cristhian paredes,portland timbers
Dario Zuparic,Portland Timbers,Center-back,735000.0,907950.0,dario zuparic,portland timbers
David Ayala,Portland Timbers,Defensive Midfield,425000.0,477000.0,david ayala,portland timbers
David Da Costa,Portland Timbers,Attacking Midfield,2725000.0,3425000.0,david da costa,portland timbers
Diego Chara,Portland Timbers,Central Midfield,725000.0,725000.0,diego chara,portland timbers
Eric Miller,Portland Timbers,Right-back,104000.0,104000.0,eric miller,portland timbers
Felipe Carballo,Portland Timbers,Central Midfield,950000.0,988333.0,felipe carballo,portland timbers
Felipe Mora,Portland Timbers,Center Forward,1275000.0,1472750.0,felipe mora,portland timbers
Finn Surman,Portland Timbers,Center-back,200000.0,226983.0,finn surman,portland timbers
Gage Guerra,Portland Timbers,Center Forward,80622.0,80622.0,gage guerra,portland timbers
Hunter Sulte,Portland Timbers,Goalkeeper,135000.0,138042.0,hunter sulte,portland timbers
Ian Smith,Portland Timbers,Left-back,80622.0,80622.0,ian smith,portland timbers
James Pantemis,Portland Timbers,Goalkeeper,200000.0,220833.0,james pantemis,portland timbers
Jimer Fory,Portland Timbers,Left-back,335000.0,355000.0,jimer fory,portland timbers
Joao Ortiz,Portland Timbers,Defensive Midfield,475000.0,525625.0,joao ortiz,portland timbers
Jonathan Rodriguez,Portland Timbers,Center Forward,2775000.0,3627500.0,jonathan rodriguez,portland timbers
Juan Mosquera,Portland Timbers,Right-back,345000.0,411650.0,juan mosquera,portland timbers
Kamal Miller,Portland Timbers,Center-back,770004.0,795004.0,kamal miller,portland timbers
Kevin Kelsy,Portland Timbers,Center Forward,612000.0,752804.0,kevin kelsy,portland timbers
Matias Rojas,Portland Timbers,Attacking Midfield,559929.0,743262.0,matias rojas,portland timbers
Maxime Crepeau,Portland Timbers,Goalkeeper,585000.0,648333.0,maxime crepeau,portland timbers
Omir Fernandez,Portland Timbers,Right Wing,600000.0,661875.0,omir fernandez,portland timbers
Trey Muse,Portland Timbers,Goalkeeper,104000.0,104000.0,trey muse,portland timbers
Zac McGraw,Portland Timbers,Center-back,275000.0,321750.0,zac mcgraw,portland timbers
Aiden Hezarkhani,Real Salt Lake,Right Wing,80622.0,86980.0,aiden hezarkhani,real salt lake
Alexandros Katranis,Real Salt Lake,Left-back,425000.0,494875.0,alexandros katranis,real salt lake
Ariath Piol,Real Salt Lake,Center Forward,282000.0,336859.0,ariath piol,real salt lake
Braian Ojeda,Real Salt Lake,Central Midfield,650000.0,708653.0,braian ojeda,real salt lake
Brayan Vera,Real Salt Lake,Center-back,500004.0,557004.0,brayan vera,real salt lake
DeAndre Yedlin,Real Salt Lake,Right-back,900000.0,948750.0,deandre yedlin,real salt lake
Diego Luna,Real Salt Lake,Left Midfield,450000.0,499833.0,diego luna,real salt lake
Diogo Goncalves,Real Salt Lake,Left Wing,1650000.0,1797108.0,diogo goncalves,real salt lake
Emeka Eneli,Real Salt Lake,Defensive Midfield,375000.0,416000.0,emeka eneli,real salt lake
Forster Ajago,Real Salt Lake,Center Forward,80622.0,80622.0,forster ajago,real salt lake
Gio Villa,Real Salt Lake,Right-back,80622.0,83955.0,gio villa,real salt lake
Javain Brown,Real Salt Lake,Right-back,300000.0,313688.0,javain brown,real salt lake
Jesus Barea,Real Salt Lake,Center Forward,80622.0,82358.0,jesus barea,real salt lake
Johnny Russell,Real Salt Lake,Right Wing,300000.0,325500.0,johnny russell,real salt lake
Jude Wellings,Real Salt Lake,Central Midfield,140000.0,160000.0,jude wellings,real salt lake
Justen Glad,Real Salt Lake,Center-back,1150000.0,1330000.0,justen glad,real salt lake
Kevon Lambert,Real Salt Lake,Defensive Midfield,200000.0,218150.0,kevon lambert,real salt lake
Kobi Henry,Real Salt Lake,Center-back,104000.0,109982.0,kobi henry,real salt lake
Luca Moisa,Real Salt Lake,Central Midfield,104000.0,104000.0,luca moisa,real salt lake
Luis Rivera,Real Salt Lake,Left-back,160000.0,171100.0,luis rivera,real salt lake
Marcos Zambrano,Real Salt Lake,Center Forward,80622.0,102881.0,marcos zambrano,real salt lake
Mason Stajduhar,Real Salt Lake,Goalkeeper,154000.0,169650.0,mason stajduhar,real salt lake
Matthew Bell,Real Salt Lake,Left Wing,80622.0,81068.0,matthew bell,real salt lake
Max Kerkvliet,Real Salt Lake,Goalkeeper,80622.0,80622.0,max kerkvliet,real salt lake
Nelson Palacio,Real Salt Lake,Central Midfield,380000.0,423167.0,nelson palacio,real salt lake
Noel Caliskan,Real Salt Lake,Central Midfield,104000.0,104000.0,noel caliskan,real salt lake
Omar Marquez,Real Salt Lake,Right Wing,80622.0,96197.0,omar marquez,real salt lake
Owen Anderson,Real Salt Lake,Attacking Midfield,80622.0,86512.0,owen anderson,real salt lake
Pablo Ruiz,Real Salt Lake,Central Midfield,825000.0,911500.0,pablo ruiz,real salt lake
Philip Quinton,Real Salt Lake,Center-back,125000.0,125000.0,philip quinton,real salt lake
Rafael Cabral Barbosa,Real Salt Lake,Goalkeeper,450000.0,643750.0,rafael cabral barbosa,real salt lake
Rwan Philipe Rodrigues de Souza Cruz,Real Salt Lake,Center Forward,1700000.0,1858426.0,rwan philipe rodrigues de souza cruz,real salt lake
Tommy Silva,Real Salt Lake,Left-back,80622.0,86604.0,tommy silva,real salt lake
Tyler Wolff,Real Salt Lake,Right Wing,160000.0,160000.0,tyler wolff,real salt lake
Victor Olatunji,Real Salt Lake,Center Forward,600000.0,626500.0,victor olatunji,real salt lake
Willy Agada,Real Salt Lake,Center Forward,500000.0,546875.0,willy agada,real salt lake
Zac MacMath,Real Salt Lake,Goalkeeper,250000.0,250000.0,zac macmath,real salt lake
Zack Farnsworth,Real Salt Lake,Center-back,80622.0,80622.0,zack farnsworth,real salt lake
Zavier Gozo,Real Salt Lake,Right Wing,80622.0,93345.0,zavier gozo,real salt lake
Aiden Harangi,San Diego FC,Left-back,80622.0,80622.0,aiden harangi,san diego fc
Alejandro Alvarado,San Diego FC,Central Midfield,80622.0,88144.0,alejandro alvarado,san diego fc
Alex Mighten,San Diego FC,Left Wing,250000.0,257292.0,alex mighten,san diego fc
Anders Dreyer,San Diego FC,Right Wing,2117647.0,2434314.0,anders dreyer,san diego fc
Andres Reyes,San Diego FC,Center-back,732000.0,807000.0,andres reyes,san diego fc
Anibal Godoy,San Diego FC,Defensive Midfield,375000.0,408333.0,anibal godoy,san diego fc
Anisse Saidi,San Diego FC,Center Forward,80622.0,94512.0,anisse saidi,san diego fc
CJ dos Santos,San Diego FC,Goalkeeper,300000.0,340875.0,cj dos santos,san diego fc
Christopher McVey,San Diego FC,Center-back,445000.0,496813.0,christopher mcvey,san diego fc
Corey Baird,San Diego FC,Center Forward,676534.0,744241.0,corey baird,san diego fc
David Vazquez,San Diego FC,Right Midfield,104000.0,119880.0,david vazquez,san diego fc
Duran Ferree,San Diego FC,Goalkeeper,80622.0,80622.0,duran ferree,san diego fc
Emmanuel Boateng,San Diego FC,Left Midfield,300000.0,331500.0,emmanuel boateng,san diego fc
Franco Negri,San Diego FC,Left-back,270000.0,297500.0,franco negri,san diego fc
Heine Gikling Bruseth,San Diego FC,Central Midfield,200000.0,242471.0,heine gikling bruseth,san diego fc
Hirving Lozano,San Diego FC,Left Wing,6000000.0,7633333.0,hirving lozano,san diego fc
Ian Pilcher,San Diego FC,Center-back,80622.0,80622.0,ian pilcher,san diego fc
Jeppe Tverskov,San Diego FC,Defensive Midfield,700000.0,700000.0,jeppe tverskov,san diego fc
Leo Duru,San Diego FC,Right-back,80622.0,98234.0,leo duru,san diego fc
Luca Bombino,San Diego FC,Left-back,80622.0,80622.0,luca bombino,san diego fc
Luca de la Torre,San Diego FC,Central Midfield,1444528.0,1644295.0,luca de la torre,san diego fc
Manu Duah,San Diego FC,Defensive Midfield,80622.0,84622.0,manu duah,san diego fc
Marcus Ingvartsen,San Diego FC,Center Forward,1740000.0,1740000.0,marcus ingvartsen,san diego fc
Onni Valakari,San Diego FC,Attacking Midfield,650000.0,726800.0,onni valakari,san diego fc
Pablo Sisniega,San Diego FC,Goalkeeper,104000.0,130467.0,pablo sisniega,san diego fc
Paddy McNair,San Diego FC,Center-back,700000.0,762803.0,paddy mcnair,san diego fc
Pedro Soma,San Diego FC,Defensive Midfield,225000.0,275453.0,pedro soma,san diego fc
Tomas Angel,San Diego FC,Center Forward,325000.0,443750.0,tomas angel,san diego fc
Willy Kumado,San Diego FC,Right-back,104000.0,116435.0,willy kumado,san diego fc
Antonio Josenildo Rodrigues de Oliveira,San Jose Earthquakes,Center-back,700000.0,758000.0,antonio josenildo rodrigues de oliveira,san jose earthquakes
Beau Leroux,San Jose Earthquakes,Central Midfield,80622.0,82526.0,beau leroux,san jose earthquakes
Benji Kikanovic,San Jose Earthquakes,Left Wing,367000.0,403700.0,benji kikanovic,san jose earthquakes
Bruno Wilson,San Jose Earthquakes,Center-back,1100000.0,1218333.0,bruno wilson,san jose earthquakes
Chance Cowell,San Jose Earthquakes,Left Wing,104000.0,104000.0,chance cowell,san jose earthquakes
Cristian Arango,San Jose Earthquakes,Center Forward,2000000.0,2216667.0,cristian arango,san jose earthquakes
Cristian Espinoza,San Jose Earthquakes,Right Wing,1820000.0,2002000.0,cristian espinoza,san jose earthquakes
Cruz Medina,San Jose Earthquakes,Central Midfield,140000.0,158394.0,cruz medina,san jose earthquakes
Daniel Munie,San Jose Earthquakes,Center-back,104000.0,178000.0,daniel munie,san jose earthquakes
Daniel de Sousa Britto,San Jose Earthquakes,Goalkeeper,700000.0,742500.0,daniel de sousa britto,san jose earthquakes
Dave Romney,San Jose Earthquakes,Center-back,858500.0,938000.0,dave romney,san jose earthquakes
DeJuan Jones,San Jose Earthquakes,Left-back,840000.0,846250.0,dejuan jones,san jose earthquakes
Edwyn Mendoza,San Jose Earthquakes,Defensive Midfield,80622.0,93062.0,edwyn mendoza,san jose earthquakes
Francesco Montali,San Jose Earthquakes,Goalkeeper,104000.0,107178.0,francesco montali,san jose earthquakes
Hernan Lopez Munoz,San Jose Earthquakes,Attacking Midfield,850000.0,1020000.0,hernan lopez munoz,san jose earthquakes
Ian Harkes,San Jose Earthquakes,Central Midfield,450000.0,450000.0,ian harkes,san jose earthquakes
Jack Skahan,San Jose Earthquakes,Central Midfield,175000.0,175000.0,jack skahan,san jose earthquakes
Jamar Ricketts,San Jose Earthquakes,Left-back,80622.0,82209.0,jamar ricketts,san jose earthquakes
Josef Martinez,San Jose Earthquakes,Center Forward,1300000.0,1450000.0,josef martinez,san jose earthquakes
Kaedren Spivey,San Jose Earthquakes,Central Midfield,80622.0,83622.0,kaedren spivey,san jose earthquakes
Mark-Anthony Kaye,San Jose Earthquakes,Central Midfield,800000.0,800000.0,mark anthony kaye,san jose earthquakes
Max Floriani,San Jose Earthquakes,Center-back,80622.0,83122.0,max floriani,san jose earthquakes
Nick Fernandez,San Jose Earthquakes,Defensive Midfield,80622.0,82526.0,nick fernandez,san jose earthquakes
Nick Lima,San Jose Earthquakes,Right-back,375000.0,375000.0,nick lima,san jose earthquakes
Niko Tsakiris,San Jose Earthquakes,Central Midfield,165000.0,169167.0,niko tsakiris,san jose earthquakes
Noel Buck,San Jose Earthquakes,Central Midfield,115000.0,115000.0,noel buck,san jose earthquakes
Oscar Verhoeven,San Jose Earthquakes,Right-back,125000.0,138395.0,oscar verhoeven,san jose earthquakes
Ousseni Bouda,San Jose Earthquakes,Center Forward,150000.0,152500.0,ousseni bouda,san jose earthquakes
Paul Marie,San Jose Earthquakes,Right-back,325000.0,357500.0,paul marie,san jose earthquakes
Preston Judd,San Jose Earthquakes,Center Forward,185000.0,234375.0,preston judd,san jose earthquakes
Reid Roberts,San Jose Earthquakes,Center-back,80622.0,80622.0,reid roberts,san jose earthquakes
Ronaldo Vieira,San Jose Earthquakes,Central Midfield,620000.0,673854.0,ronaldo vieira,san jose earthquakes
Vitor Costa,San Jose Earthquakes,Left-back,375000.0,413333.0,vitor costa,san jose earthquakes
Wilson Eisner,San Jose Earthquakes,Right-back,80622.0,80622.0,wilson eisner,san jose earthquakes
Albert Rusnak,Seattle Sounders FC,Attacking Midfield,2575000.0,2575000.0,albert rusnak,seattle sounders fc
Alex Roldan,Seattle Sounders FC,Right-back,530000.0,530000.0,alex roldan,seattle sounders fc
Andrew Thomas,Seattle Sounders FC,Goalkeeper,200000.0,200000.0,andrew thomas,seattle sounders fc
Cody Baker,Seattle Sounders FC,Right-back,104000.0,109704.0,cody baker,seattle sounders fc
Cristian Roldan,Seattle Sounders FC,Central Midfield,1545000.0,1666000.0,cristian roldan,seattle sounders fc
Danny Leyva,Seattle Sounders FC,Defensive Midfield,325000.0,349900.0,danny leyva,seattle sounders fc
Danny Musovski,Seattle Sounders FC,Center Forward,555000.0,585303.0,danny musovski,seattle sounders fc
Georgi Minoungou,Seattle Sounders FC,Right Wing,104000.0,104000.0,georgi minoungou,seattle sounders fc
Jackson Ragen,Seattle Sounders FC,Center-back,600000.0,610000.0,jackson ragen,seattle sounders fc
Jacob Castro,Seattle Sounders FC,Goalkeeper,104000.0,104000.0,jacob castro,seattle sounders fc
Jesus Ferreira,Seattle Sounders FC,Center Forward,1585227.0,1828960.0,jesus ferreira,seattle sounders fc
Joao Paulo Mior,Seattle Sounders FC,Central Midfield,600000.0,625000.0,joao paulo mior,seattle sounders fc
Jon Bell,Seattle Sounders FC,Center-back,135000.0,135000.0,jon bell,seattle sounders fc
Jordan Morris,Seattle Sounders FC,Center Forward,2250000.0,2260000.0,jordan morris,seattle sounders fc
Kalani Kossa-Rienzi,Seattle Sounders FC,Right-back,80622.0,80622.0,kalani kossa rienzi,seattle sounders fc
Kee-hee Kim,Seattle Sounders FC,Center-back,104000.0,104000.0,kee hee kim,seattle sounders fc
Leo Burney,Seattle Sounders FC,Center-back,80622.0,80622.0,leo burney,seattle sounders fc
Nouhou Tolo,Seattle Sounders FC,Left-back,550000.0,571875.0,nouhou tolo,seattle sounders fc
Obed Vargas,Seattle Sounders FC,Central Midfield,125000.0,134452.0,obed vargas,seattle sounders fc
Osaze De Rosario,Seattle Sounders FC,Center Forward,80622.0,80622.0,osaze de rosario,seattle sounders fc
Paul Arriola,Seattle Sounders FC,Right Wing,1000000.0,1142500.0,paul arriola,seattle sounders fc
Paul Rothrock,Seattle Sounders FC,Left Wing,104000.0,104000.0,paul rothrock,seattle sounders fc
Pedro de la Vega,Seattle Sounders FC,Right Wing,1000000.0,1379000.0,pedro de la vega,seattle sounders fc
Reed Baker-Whiting,Seattle Sounders FC,Left-back,150000.0,158000.0,reed baker whiting,seattle sounders fc
Ryan Kent,Seattle Sounders FC,Left Wing,936000.0,959500.0,ryan kent,seattle sounders fc
Snyder Brunell,Seattle Sounders FC,Defensive Midfield,80622.0,90648.0,snyder brunell,seattle sounders fc
Stefan Frei,Seattle Sounders FC,Goalkeeper,600000.0,600000.0,stefan frei,seattle sounders fc
Stuart Hawkins,Seattle Sounders FC,Center-back,104000.0,116021.0,stuart hawkins,seattle sounders fc
Yeimar Gomez Andrade,Seattle Sounders FC,Center-back,800000.0,882500.0,yeimar gomez andrade,seattle sounders fc
Alan Montes,Sporting Kansas City,Center-back,400000.0,422500.0,alan montes,sporting kansas city
Andrew Brody,Sporting Kansas City,Right-back,275000.0,300678.0,andrew brody,sporting kansas city
Daniel Salloi,Sporting Kansas City,Left Wing,1300000.0,1300000.0,daniel salloi,sporting kansas city
Dejan Joveljic,Sporting Kansas City,Center Forward,3000000.0,3306250.0,dejan joveljic,sporting kansas city
Erik Thommy,Sporting Kansas City,Attacking Midfield,1500000.0,1606250.0,erik thommy,sporting kansas city
Ian James,Sporting Kansas City,Right-back,80622.0,85220.0,ian james,sporting kansas city
Jack Kortkamp,Sporting Kansas City,Goalkeeper,80622.0,82622.0,jack kortkamp,sporting kansas city
Jacob Bartlett,Sporting Kansas City,Defensive Midfield,80622.0,83622.0,jacob bartlett,sporting kansas city
Jake Davis,Sporting Kansas City,Right-back,400000.0,412500.0,jake davis,sporting kansas city
Jansen Miller,Sporting Kansas City,Center-back,80622.0,82302.0,jansen miller,sporting kansas city
Joaquin Fernandez,Sporting Kansas City,Center-back,1000000.0,1072083.0,joaquin fernandez,sporting kansas city
John Pulskamp,Sporting Kansas City,Goalkeeper,250000.0,273500.0,john pulskamp,sporting kansas city
Khiry Shelton,Sporting Kansas City,Center Forward,725000.0,775000.0,khiry shelton,sporting kansas city
Logan Ndenbe,Sporting Kansas City,Left-back,525000.0,530000.0,logan ndenbe,sporting kansas city
Manu Garcia,Sporting Kansas City,Attacking Midfield,2100000.0,2325313.0,manu garcia,sporting kansas city
Mason Toye,Sporting Kansas City,Center Forward,350000.0,392500.0,mason toye,sporting kansas city
Memo Rodriguez,Sporting Kansas City,Attacking Midfield,104000.0,114966.0,memo rodriguez,sporting kansas city
Nemanja Radoja,Sporting Kansas City,Defensive Midfield,1300000.0,1390000.0,nemanja radoja,sporting kansas city
Robert Voloder,Sporting Kansas City,Center-back,550000.0,577860.0,robert voloder,sporting kansas city
Ryan Schewe,Sporting Kansas City,Goalkeeper,80622.0,80622.0,ryan schewe,sporting kansas city
Santiago Munoz,Sporting Kansas City,Center Forward,300000.0,335026.0,santiago munoz,sporting kansas city
Shapi Suleymanov,Sporting Kansas City,Right Wing,800000.0,915028.0,shapi suleymanov,sporting kansas city
Stephen Afrifa,Sporting Kansas City,Left Wing,104000.0,104000.0,stephen afrifa,sporting kansas city
Tim Leibold,Sporting Kansas City,Left-back,925000.0,926050.0,tim leibold,sporting kansas city
Zorhan Bassong,Sporting Kansas City,Central Midfield,104000.0,114237.0,zorhan bassong,sporting kansas city
Akil Watts,St. Louis City SC,Right-back,104000.0,104000.0,akil watts,st louis city sc
Alfredo Morales,St. Louis City SC,Central Midfield,188571.0,205571.0,alfredo morales,st louis city sc
Ben Lundt,St. Louis City SC,Goalkeeper,160000.0,172833.0,ben lundt,st louis city sc
Brendan McSorley,St. Louis City SC,Center Forward,80622.0,80622.0,brendan mcsorley,st louis city sc
Caden Glover,St. Louis City SC,Center Forward,104000.0,109000.0,caden glover,st louis city sc
Cedric Teuchert,St. Louis City SC,Center Forward,1200000.0,1342500.0,cedric teuchert,st louis city sc
Celio Antonio Pompeu Pinheiro Martins,St. Louis City SC,Left Wing,218250.0,253144.0,celio antonio pompeu pinheiro martins,st louis city sc
Chris Durkin,St. Louis City SC,Defensive Midfield,475000.0,520000.0,chris durkin,st louis city sc
Christian Olivares,St. Louis City SC,Goalkeeper,80622.0,80622.0,christian olivares,st louis city sc
Conrad Wallem,St. Louis City SC,Right Midfield,448000.0,499875.0,conrad wallem,st louis city sc
Devin Padelford,St. Louis City SC,Left-back,114000.0,121000.0,devin padelford,st louis city sc
Eduard Lowen,St. Louis City SC,Central Midfield,1250000.0,1394250.0,eduard lowen,st louis city sc
Fallou Fall,St. Louis City SC,Center-back,364000.0,462419.0,fallou fall,st louis city sc
Henry Kessler,St. Louis City SC,Center-back,1300000.0,1333333.0,henry kessler,st louis city sc
Jake Girdwood-Reich,St. Louis City SC,Center-back,242250.0,281027.0,jake girdwood reich,st louis city sc
Jayden Reid,St. Louis City SC,Left-back,104000.0,104000.0,jayden reid,st louis city sc
Jaziel Orozco,St. Louis City SC,Right-back,80622.0,80622.0,jaziel orozco,st louis city sc
Joao Klauss de Mello,St. Louis City SC,Center Forward,1230000.0,1370284.0,joao klauss de mello,st louis city sc
Joseph Zalinsky,St. Louis City SC,Right-back,80622.0,82638.0,joseph zalinsky,st louis city sc
Joshua Yaro,St. Louis City SC,Center-back,185000.0,204500.0,joshua yaro,st louis city sc
Kyle Hiebert,St. Louis City SC,Center-back,240000.0,269000.0,kyle hiebert,st louis city sc
Marcel Hartel,St. Louis City SC,Central Midfield,1797600.0,2183113.0,marcel hartel,st louis city sc
Michael Wentzel,St. Louis City SC,Center-back,80622.0,80622.0,michael wentzel,st louis city sc
Miguel Perez,St. Louis City SC,Central Midfield,104000.0,104000.0,miguel perez,st louis city sc
MyKhi Joyner,St. Louis City SC,Left Midfield,80622.0,97902.0,mykhi joyner,st louis city sc
Rasmus Alm,St. Louis City SC,Right Wing,279500.0,343925.0,rasmus alm,st louis city sc
Roman Burki,St. Louis City SC,Goalkeeper,1575000.0,1707469.0,roman burki,st louis city sc
Selmir Pidro,St. Louis City SC,Left-back,325000.0,374375.0,selmir pidro,st louis city sc
Seth Antwi,St. Louis City SC,Defensive Midfield,104000.0,104000.0,seth antwi,st louis city sc
Simon Becher,St. Louis City SC,Center Forward,218000.0,239273.0,simon becher,st louis city sc
Timo Baumgartl,St. Louis City SC,Center-back,550000.0,643333.0,timo baumgartl,st louis city sc
Tomas Ostrak,St. Louis City SC,Attacking Midfield,700000.0,801000.0,tomas ostrak,st louis city sc
Tomas Totland,St. Louis City SC,Right-back,300000.0,341763.0,tomas totland,st louis city sc
Tyson Pearce,St. Louis City SC,Right-back,104000.0,104000.0,tyson pearce,st louis city sc
Adam Pearlman,Toronto FC,Center-back,104000.0,117300.0,adam pearlman,toronto fc
Adisa De Rosario,Toronto FC,Goalkeeper,80622.0,97235.0,adisa de rosario,toronto fc
Alonso Coello,Toronto FC,Central Midfield,200012.0,235012.0,alonso coello,toronto fc
Charlie Sharp,Toronto FC,Center Forward,80622.0,80622.0,charlie sharp,toronto fc
Deandre Kerr,Toronto FC,Center Forward,120000.0,125319.0,deandre kerr,toronto fc
Derrick Etienne Jr.,Toronto FC,Left Wing,745566.0,745566.0,derrick etienne jr,toronto fc
Djordje Mihailovic,Toronto FC,Attacking Midfield,2158335.0,2278335.0,djordje mihailovic,toronto fc
Henry Wingo,Toronto FC,Right-back,625000.0,696031.0,henry wingo,toronto fc
Hugo Mbongue,Toronto FC,Center Forward,135000.0,146427.0,hugo mbongue,toronto fc
Jonathan Osorio,Toronto FC,Central Midfield,1000000.0,1183333.0,jonathan osorio,toronto fc
Jose Cifuentes,Toronto FC,Central Midfield,1210000.0,1405000.0,jose cifuentes,toronto fc
Jules-Anthony Vilsaint,Toronto FC,Center Forward,125000.0,131875.0,jules anthony vilsaint,toronto fc
Kevin Long,Toronto FC,Center-back,430000.0,468521.0,kevin long,toronto fc
Kobe Franklin,Toronto FC,Right-back,125000.0,135802.0,kobe franklin,toronto fc
Kosi Thompson,Toronto FC,Right Midfield,120000.0,125260.0,kosi thompson,toronto fc
Lazar Stefanovic,Toronto FC,Center-back,80622.0,92528.0,lazar stefanovic,toronto fc
Luka Gavran,Toronto FC,Goalkeeper,104000.0,128475.0,luka gavran,toronto fc
Malik Henry,Toronto FC,Right Midfield,80622.0,80622.0,malik henry,toronto fc
Markus Cimermancic,Toronto FC,Central Midfield,80622.0,94478.0,markus cimermancic,toronto fc
Maxime Dominguez,Toronto FC,Central Midfield,235000.0,337577.0,maxime dominguez,toronto fc
Nathaniel Edwards,Toronto FC,Left Midfield,80622.0,86604.0,nathaniel edwards,toronto fc
Nicksoen Gomis,Toronto FC,Center-back,80622.0,80622.0,nicksoen gomis,toronto fc
Raoul Petretta,Toronto FC,Left-back,775000.0,854750.0,raoul petretta,toronto fc
Richie Laryea,Toronto FC,Right-back,830000.0,1169438.0,richie laryea,toronto fc
Sean Johnson,Toronto FC,Goalkeeper,621250.0,1063125.0,sean johnson,toronto fc
Sigurd Rosted,Toronto FC,Center-back,800000.0,805000.0,sigurd rosted,toronto fc
Theo Corbeanu,Toronto FC,Right Wing,365000.0,411625.0,theo corbeanu,toronto fc
Zane Monlouis,Toronto FC,Center-back,115000.0,127891.0,zane monlouis,toronto fc
Adrian Zendejas,Vancouver Whitecaps,Goalkeeper,104000.0,104000.0,adrian zendejas,vancouver whitecaps
Ali Ahmed,Vancouver Whitecaps,Left Midfield,150000.0,159375.0,ali ahmed,vancouver whitecaps
Andres Cubas,Vancouver Whitecaps,Defensive Midfield,1050000.0,1146375.0,andres cubas,vancouver whitecaps
Belal Halbouni,Vancouver Whitecaps,Center-back,165000.0,165000.0,belal halbouni,vancouver whitecaps
Brian White,Vancouver Whitecaps,Center Forward,1000000.0,1000000.0,brian white,vancouver whitecaps
Edier Ocampo,Vancouver Whitecaps,Right-back,375000.0,428299.0,edier ocampo,vancouver whitecaps
Emmanuel Sabbi,Vancouver Whitecaps,Right Wing,900000.0,987750.0,emmanuel sabbi,vancouver whitecaps
Giuseppe Bovalina,Vancouver Whitecaps,Right-back,104000.0,116980.0,giuseppe bovalina,vancouver whitecaps
Isaac Boehmer,Vancouver Whitecaps,Goalkeeper,104000.0,104000.0,isaac boehmer,vancouver whitecaps
J.C. Ngando,Vancouver Whitecaps,Defensive Midfield,104000.0,104000.0,j c ngando,vancouver whitecaps
Jayden Nelson,Vancouver Whitecaps,Left Wing,360000.0,414000.0,jayden nelson,vancouver whitecaps
Jeevan Badwal,Vancouver Whitecaps,Central Midfield,80622.0,80622.0,jeevan badwal,vancouver whitecaps
Joedrick Pupe,Vancouver Whitecaps,Center-back,420000.0,460600.0,joedrick pupe,vancouver whitecaps
Kenji Cabrera,Vancouver Whitecaps,Left Wing,350000.0,390053.0,kenji cabrera,vancouver whitecaps
Liam MacKenzie,Vancouver Whitecaps,Attacking Midfield,80622.0,96047.0,liam mackenzie,vancouver whitecaps
Mark O'Neill,Vancouver Whitecaps,Center-back,80622.0,80622.0,mark o neill,vancouver whitecaps
Mathias Laborda,Vancouver Whitecaps,Center-back,900000.0,1043625.0,mathias laborda,vancouver whitecaps
Max Anchor,Vancouver Whitecaps,Goalkeeper,104000.0,111442.0,max anchor,vancouver whitecaps
Nelson Pierre,Vancouver Whitecaps,Center Forward,104000.0,118116.0,nelson pierre,vancouver whitecaps
Nicolas Fleuriau Chateau,Vancouver Whitecaps,Center Forward,80622.0,80622.0,nicolas fleuriau chateau,vancouver whitecaps
Ralph Priso,Vancouver Whitecaps,Defensive Midfield,104000.0,118167.0,ralph priso,vancouver whitecaps
Ranko Veselinovic,Vancouver Whitecaps,Center-back,670000.0,737125.0,ranko veselinovic,vancouver whitecaps
Rayan Elloumi,Vancouver Whitecaps,Center Forward,80622.0,96268.0,rayan elloumi,vancouver whitecaps
Ryan Gauld,Vancouver Whitecaps,Attacking Midfield,3500000.0,3675000.0,ryan gauld,vancouver whitecaps
Sam Adekugbe,Vancouver Whitecaps,Left-back,875000.0,963000.0,sam adekugbe,vancouver whitecaps
Sebastian Berhalter,Vancouver Whitecaps,Central Midfield,385000.0,385000.0,sebastian berhalter,vancouver whitecaps
Sebastian Schonlau,Vancouver Whitecaps,Center-back,720000.0,776833.0,sebastian schonlau,vancouver whitecaps
Tate Johnson,Vancouver Whitecaps,Left-back,80622.0,81622.0,tate johnson,vancouver whitecaps
Thomas Muller,Vancouver Whitecaps,Attacking Midfield,1284456.0,1436956.0,thomas muller,vancouver whitecaps
Tristan Blackmon,Vancouver Whitecaps,Center-back,800000.0,800000.0,tristan blackmon,vancouver whitecaps
Yohei Takaoka,Vancouver Whitecaps,Goalkeeper,756000.0,873713.0,yohei takaoka,vancouver whitecaps
